Sample_ID,ECNumber,Type,Organism,Substrate,Km,pH,Temp,Km_Unit,Smiles,Sequence,log10_Km
1,1.1.1.10,mutant,Rattus norvegicus,NADP+,0.00067,7.0,25,mM,C1=CC(=C[N+](=C1)C2C(C(C(O2)COP(=O)(O)OP(=O)(O)OCC3C(C(C(O3)N4C=NC5=C(N=CN=C54)N)OP(=O)(O)O)O)O)O)C(=O)N,MDLGLAGRRALVTGAGKGIGRSTVLALQAAGAQVVAVSRTREDLDSLVRECPGVEPVCVDLADWEATEQALSNVGPVDLLVNNAAVATLQPFLEVTKEACDTSFNVNFRAVVQVSQIVARGMIARGVPGAIVNVSAQASQRALTNHTVYCSTKGALDMLTKVMALELGPHKIRVNAVNPTVVMTPMGRANWSDPHKAKVMLDRIPLGKFAEVENVVDTILFLLSNRSSMTTGSALPVDGGFLAT,-3.173925197
2,2.7.1.60,mutant,Escherichia coli,D-Glucose,8.6,7.6,25,mM,C(C1C(C(C(C(O1)O)O)O)O)O,MTTLAIDIGGTKLAAALIGADGQIRDRRELPTPASQTPEALRDALSALVSPLQAHAQRVAIASTGIIRDGSLLALNPHNLGGLLHFPLVKTLEQLTNLPTIAINDAQAAAWAEFQALDGDITDMVFITVSTGVGGGVMSGCKLLTGPGGLAGHIGHTLADPHGPVCGCGRTGCVEAIASGRGIAAAAQGELAGADAKTIFTRAGQGDEQAQQLIHRSARTLARLIADIKATTDCQCVVVGGSVGLAEGYLALVETYLAQEPAAFHVDLLAAHYRHDAGLLGAALLAQGEKL,0.934498451
3,5.1.1.13,mutant,Pyrococcus horikoshii,L-Aspartate,0.082,8.0,70,mM,C(C(C(=O)O)N)C(=O)O,MKTIGILGGMGPLATAELFRRIVIKTPAKRDQEHPKVIIFNNPQIPDRTAYILGKGEDPRPQLIWTAKRLEECGADFIIMPCNAAHAFVEDIRKAIKIPIISMIEETAKKVKELGFKKAGLLATTGTIVSGVYEKEFSKYGVEIMTPTEDEQKDVMRGIYEGVKAGNLKLGRELLLKTAKILEERGAECIIAGCTEVSVVLKQDDLKVPLIDPMDVIAEVAVKVALEK,-1.086186148
4,1.1.1.159,mutant,Clostridium sardiniense,NADP+,0.1094,8.0,25,mM,C1=CC(=C[N+](=C1)C2C(C(C(O2)COP(=O)(O)OP(=O)(O)OCC3C(C(C(O3)N4C=NC5=C(N=CN=C54)N)OP(=O)(O)O)O)O)O)C(=O)N,MKRLEGKVAIVTSSTRGIGRASAEALAKEGALVYLAARSEELANEVIADIKKQGGVAKFVYFNAREEETYTSMVEKVAEAEGRIDILVNNYGGTNVNLDKNLTAGDTDEFFRILKDNVQSVYLPAKAAIPHMEKVGGGSIVNISTIGSVVPDISRIAYCVSKSAINSLTQNIALQYARKNIRCNAVLPGLIGTRAALENMTDEFRDSFLGHVPLNRVGRPEDIANAVLYYASDDSGYVTGMIHEVAGGFALGTPLYSEYSPR,-0.960982678
5,4.1.2.47,mutant,Manihot esculenta,(S)-mandelonitrile,4.5,5.2,23,mM,C1=CC=C(C=C1)C(C#N)O,MVTAHFVLIHTICHGAWIWHKLKPALERAGHKVTALDMAASGIDPRQIEQINSFDEYSEPLLTFLEKLPQGEKVIIVGESCAGLNIAIAADRYVDKIAAGVFHNSLLPDTVHSPSYTVEKLLESFPDARDTEYFTFTNITGETITTMKLGFVLLRENLFTKCTDGEYELAKMVMRKGSLFQNVLAQRPKFTEKGYGSIKKVYIWTDQDKIFLPDFQRWQIANYKPDKVYQVQGGDHKLQLTKTEEVAHILQEVADAYA,0.653212514
6,2.4.2.10,mutant,Salmonella typhimurium,Imidodiphosphate,0.0004,8.0,30,mM,N(P(=O)(O)O)P(=O)(O)O,MKPYQRQFIEFALNKQVLKFGEFTLKSGRKSPYFFNAGLFNTGRDLALLGRFYAEALVDSGIEFDLLFGPAYKGIPIATTTAVALAEHHDKDLPYCFNRKEAQDHGEGGSLVGSALQGRVMLVDDVITAGTAIRESMEIIQAHGATLAGVLISLDRQERGRGEISAIQEVERDYGCKVISIITLKDLIAYLEEKPDMAEHLAAVRAYREEFGV,-3.397940009
7,1.4.3.3,mutant,Rhodosporidium toruloides,D-Aspartate,2.0,8.5,25,mM,C(C(C(=O)O)N)C(=O)O,MHSQKRVVVLGSGVIGLSSALILARKGYSVHILARDLPEDVSSQTFASPWAGANWTPFMTLTDGPRQAKWEESTFKKWVELVPTGHAMWLKGTRRFAQNEDGLLGHWYKDITPNYRPLPSSECPPGAIGVTYDTLSVHAPKYCQYLARELQKLGATFERRTVTSLEQAFDGADLVVNATGLGAKSIAGIDDQAAEPIRGQTVLVKSPCKRCTRDSSDPASPAYIIPRPGGEVICGGTYGVGDWDLSVNPETVQRILKHCLRLDPTISSDGTIEGIEVLRHNVGLRPARRGGPRVEAERIVLPLDRTKSPLSLGRGSARAAKEKEVTLVHAYGFSSAGYQQSWGAAEDVAQLVDEAFQRYHGAARESKL,0.301029996
8,2.4.1.170,mutant,Glycine max,UDPglucose,0.027,8.5,30,mM,C1=CN(C(=O)NC1=O)C2C(C(C(O2)COP(=O)(O)OP(=O)(O)OC3C(C(C(C(O3)CO)O)O)O)O)O,MKDTIVLYPNLGRGALVSMVELGKLILTHHPSLSITILILTPPTTPSTTTTTLACDSNAQYIATVTATTPSITFHRVPLAALPFNTPFLPPHLLSLELTRHSTQNIAVALQTLAKASNLKAIVIDFMNFNDPKALTENLNNNVPTYFYYTSGASTLALLLYYPTIHPTLIEKKDTDQPLQIQIPGLSTITADDFPNECKDPLSYACQVFLQIAETMMGGAGIIVNTFEAIEEEAIRALSEDATVPPPLFCVGPVISAPYGEEDKGCLSWLNLQPSQSVVLLCFGSMGRFSRAQLKEIAIGLEKSEQRFLWVVRTELGGADDSAEELSLDELLPEGFLERTKEKGMVVRDWAPQAAILSHDSVGGFVTHCGWNSVLEAVCEGVPMVAWPLYAEQKMNRMVMVKEMKVALAVNENKDGFVSSTELGDRVRELMESDKGKEIRQRIFKMKMSAAEAMAEGGTSRASLDKLAKLWKQS,-1.568636236
9,3.2.1.37,mutant,Geobacillus stearothermophilus,2-Nitrophenyl-beta-D-xylopyranoside,0.0034,7.0,40,mM,C1C(C(C(C(O1)OC2=CC=CC=C2[N+](=O)[O-])O)O)O,MATNLFFNAHHSPVGAFASFTLGFPGKSGGLDLELARPPRQNVFIGVESPHEPGLYHILPFAETAGEDESKRYDIENPDPNPQKPNILIPFAKERIEREFRVATDTWKAGDLTLTIYSPVKAVPDPETASEEELKLALVPAVIVEMTIDNTNGTRTRRAFFGFEGTDPYTSMRRIDDTCPQLRGVGQGRILGIASKDEGVRSALHFSMEDILTATLEENWTFGLGKVGALIADVPAGEKKTYQFAVCFYRGGCVTAGMDASYFYTRFFHNIEEVGLYALEQAEVLKEQAFRSNELIEKEWLSDDQKFMMAHAIRSYYGNTQLLEHEGKPIWVVNEGEYRMMNTFDLTVDQLFFELKMNPWTVKNVLDFYVERYSYEDRVRFPGDETEYPGGISFTHDMGVANTFSRPHYSSYELYGISGCFSHMTHEQLVNWVLCAAVYIEQTKDWAWRDRRLTILEQCLESMVRRDHPDPEKRNGVMGLDSTRTMGGAEITTYGSLDVSLGQARNNLYLAGKCWAAYVALEKLFRDVGKEELAALAREQAEKCAATIVSHVTEDGYIPAVMGEGNDSKIIPAIEGLVFPYFTNCHEALREDGRFGDYIRALRQHLQYVLREGICLFPDGGWKISSTSNNSWLSKIYLCQFIARRILGWEWDEQGKRADAAHVAWLTHPTLSIWSWSDQIIAGEISGSKYYPRGVTSILWLEEGE,-2.468521083
10,3.2.1.21,mutant,Homo sapiens,4-Nitrophenyl-alpha-L-arabinopyranoside,0.27,6.5,37,mM,C1C(C(C(C(O1)OC2=CC=C(C=C2)[N+](=O)[O-])O)O)O,MAFPAGFGWAAATAAYQVEGGWDADGKGPCVWDTFTHQGGERVFKNQTGDVACGSYTLWEEDLKCIKQLGLTHYRFSLSWSRLLPDGTTGFINQKGIDYYNKIIDDLLKNGVTPIVTLYHFDLPQTLEDQGGWLSEAIIESFDKYAQFCFSTFGDRVKQWITINEANVLSVMSYDLGMFPPGIPHFGTGGYQAAHNLIKAHARSWHSYDSLFRKKQKGMVSLSLFAVWLEPADPNSVSDQEAAKRAITFHLDLFAKPIFIDGDYPEVVKSQIASMSQKQGYPSSRLPEFTEEEKKMIKGTADFFAVNYYTTRLIKYQENKKGELGILQDAEIEFFPDPSWKNVDWIYVVPWGVCKLLKYIKDTYNNPVIYITENGFPQSDPAPLDDTQRWEYFRQTFQELFKAIQLDKVNLQVYCAWSLLDNFEWNQGYSSRFGLFHVDFEDPARPRVPYTSAKEYAKIIRNNGLEAHL,-0.568636236
11,6.2.1.12,mutant,Arabidopsis thaliana,Ferulate,0.046,7.8,22,mM,COC1=C(C=CC(=C1)C=CC(=O)O)O,MTTQDVIVNDQNDQKQCSNDVIFRSRLPDIYIPNHLPLHDYIFENISEFAAKPCLINGPTGEVYTYADVHVTSRKLAAGLHNLGVKQHDVVMILLPNSPEVVLTFLAASFIGAITTSANPFFTPAEISKQAKASAAKLIVTQSRYVDKIKNLQNDGVLIVTTDSDAIPENCLRFSELTQSEEPRVDSIPEKISPEDVVALPFSSGTTGLPKGVMLTHKGLVTSVAQQVDGENPNLYFNRDDVILCVLPMFHIYALNSIMLCSLRVGATILIMPKFEITLLLEQIQRCKVTVAPVVPPIVLAIAKSPETEKYDLSSVRMVLSGAAPLGKELEDAISAKFPNAKLGQGYGMTEAGPVLAMSLGFAKEPFPVKSGACGTVVRNAEMKILDPDTGDSLPRNKPGEICIRGNQIMKGYLNDPLATASTIDKDGWLHTGDVGFIDDDDELFIVDRLKELIKYKGFQVAPAELESLLIGHPEINDVAVVAMKEEDAGEVPVAFVVRSKDSNISEDEIKQFVSKQVVFYKRINKVFFTDSIPKAPSGKILRKDLRARLANGLMN,-1.337242168
12,4.1.2.49,mutant,Aeromonas jandaei,L-allo-threonine,0.444,8.0,30,mM,CC(C(C(=O)O)N)O,MRYIDLRSDTVTQPTDAMRQCMLHAEVGDDVYGEDPGVNALEAYGADLLGKEAALFVPSGTMSNLLAVMSHCQRGEGAVLGSAAHIYRYEAQGSAVLGSVALQPVPMQADGSLALADVRAAIAPDDVHFTPTRLVCLENTHNGKVLPLPYLREMRELVDEHGLQLHLDGARLFNAVVASGHTVRELVAPFDSVSICLSKGLGAPVGSLLVGSHAFIARARRLRKMVGGGMRQAGILAQAGLFALQQHVVRLADDHRRARQLAEGLAALPGIRLDLAQVQTNMVFLQLTSGERAPLLAFMKARGILFSGYGELRLVTHLQIHDDDIEEVIDAFTEYLGA,-0.35261703
13,1.1.99.31,mutant,Pseudomonas putida,2-Hydroxyhexanoate,1.4,7.5,20,mM,CCCCC(C(=O)[O-])O,MSQNLFNVEDYRKLRQKRLPKMVYDYLEGGAEDEYGVKHNRDVFQQWRFKPKRLVDVSRRSLQAEVLGKRQSMPLLIGPTALNGALWPKGDLALARAATKAGIPFVLSTASNMSIEDLARQCDGDLWFQLYVIHREIAQGMVLKALHTGYTTLVLTTDVAVNGYRERDLHNRFKIPMSYSAKVVLDGCLHPRWSLDFVRHGMPQLANFVSSQTSSLEMQAALMSRQMDASFNWEALRWLRDLWPHKLLVKGLLSAEDADRCIAEGADGVILSNHGGRQLDCAISPMEVLAQSVAKTGKPVLIDSGFRRGSDIVKALALGAEAVLLGRATLYGLAARGETGVDEVLTLLKADIDRTLAQIGCPDITSLSPDYLQNEGVTNTAPVDHLIGKGTHA,0.146128036
14,5.1.3.31,mutant,Cereibacter sphaeroides,D-sorbose,148.1,8.5,35,mM,C(C(C(C(C(=O)CO)O)O)O)O,MKNPVGIISMQFIRPFTSESLHFLKKSRALGFDFIELLVPEPEDGLDAAEVRRICEGEGLGLVLAARVNLQRSIASEEAAARAGGRDYLKYCIEAAEALGATIVGGPLYGEPLVFAGWPPFPWTAEQIATRAARTVEGLAEVAPLAASAGKVFGLEPLNRFETDIVNTTAQAIEVVDAVGSPGLGVMLDTFHMNMEERSIPDAIRATGARLVHFQANENHRGFPGTGTMDWTAIARALGQAGYAGPVSLEPFRRDDERVALPIAHWRAPHEDEDEKLRAGLGLIRSAITLAEVTH,2.170555059
15,1.1.3.10,mutant,Trametes ochracea,D-galactose,5.19,6.5,30,mM,C(C1C(C(C(C(O1)O)O)O)O)O,MSTSSSDPFFNFAKSSFRSAAAQKASASSLPPLPGPDKKVPGMDIKYDVVIVGSGPIGCTYARELVGAGYKVAMFDIGEIDSGLKIGAHKKNTVEYQKNIDKFVNVIQGQLMSVSVPVNTLVVDTLSPTSWQASTFFVRNGSNPEQDPLRNLSGQAVTRVVGGMSTHWTCATPRFDREQRPLLVKDDADADDAEWDRLYTKAESYFQTGTDQFKESIRHNLVLNKLTEEYKGQRDFQQIPLAATRRSPTFVEWSSANTVFDLQNRPNTDAPEERFNLFPAVACERVVRNALNSEIESLHIHDLISGDRFEIKADVYVLTAGAVHNTQLLVNSGFGQLGRPNPANPPELLPSLGSYITEQSLVFCQTVMSTELIDSVKSDMTIRGTPGELTYSVTYTPGASTNKHPDWWNEKVKNHMMQHQEDPLPIPFEDPEPQVTTLFQPSHPWHTQIHRDAFSYGAVQQSIDSRLIVDWRFFGRTEPKEENKLWFSDKITDAYNMPQPTFDFRFPAGRTSKEAEDMMTDMCVMSAKIGGFLPGSWPQFMKPGLVLHLGGTHRMGFDEKEDNCCVNTDSRVFGFKNLFLGGCGNIPTAYGANPTLTAMSLAIKSCEYIKQNFTPSPFTSEAQ,0.715167358
16,1.1.1.42,mutant,Haloferax volcanii,DL-isocitrate,0.036,8.0,30,mM,C(C(C(C(=O)O)O)C(=O)O)C(=O)O,MSYDQIEVPDDGEKITVDEETGELSVPDNPIIPIIHGDGIGTDVGPAAQKVLDAAAEATGRSVSWMRVYAGSSARDKYDENLPEDTVSAIRNHRVAIKGPLTTPVGAGFRSLNVALRKKLDLYANVRPTYHLDGVPSPVKNPSAMDMVTFRENTEDVYAGIEWEAGTDEVQQVKEFVEEEMGADGVIHDGPVGIGIKPITEFGTKRLVREAIEYALENDRDSVTLVHKGNIMKFTEGAFRDWGYELAEEEFDDVTITEDELWEEYDGEKPEDKVVVKDRIADNMLQQLLTSTADYDVIATMNLNGDYMSDAAGAQIGGLGIAPGANFGEGLCLAEPVHGSAPKYAGEDKVNPTAMILSGRLMFEYMGWKDAGKLIRDAVEKTISDGDVTPDLERQIEGGNKLATSEYADKVVENIKELA,-1.443697499
17,2.7.1.55,mutant,Escherichia coli,ATP,0.06,7.6,25,mM,C1=NC(=C2C(=N1)N(C=N2)C3C(C(C(O3)COP(=O)(O)OP(=O)(O)OP(=O)(O)O)O)O)N,MQKQHNVVAGVDMGATHIRFCLRTAEGETLHCEKKRTAEVIAPGLVSGIGEMIDEQLRRFNARCHGLVMGFPGLVSKDKRTIISTPNLPLTAADLYDLADKLENTLNCPVEFSRDVNLQLSWDVVENRLTQQLVLAAYLGTGMGFAVWMNGAPWTGAHGVAGELGHIPLGDMTQHCACGNPGCLETNCSGMALRRWYEQQPRNYPLRDLFVHAENAPFVQSLLENAARAIATSINLFDPDAVILGGGVMDMPAFPRETLVAMTQKYLRRPLPHQVVRFIAASSSDFNGAQGAAILAHQRFLPQFCAKAP,-1.22184875
18,2.4.1.64,mutant,Thermoanaerobacter brockii,D-glucose,2.5,6.0,60,mM,C(C1C(C(C(C(O1)O)O)O)O)O,MANKTKKPIYPFEDWVIRETQFSIDTNYRNETIFTLANGYIGMRGTFEERYSGPKNTSFNGTYINGFYEIHDIVYPEGGYGFAKIGQTMLNVADSKIIKLYVDGEEFDLLQGKILFYERVLDMKKGFVERKVKWESPTGKILEVKIKRIVSLNRQHLAAISFTMQPVNFTGKIRFVSAIDGNVSNINDSEDVRVGSNLKGKVLKTIDKSVEGLKGWIVQKTQKSNFSYACAIDNVLVADSKYEVSNSLEEDGVKVIVDLEAEKGTSYTLNKFISYYTSKDFDENKLVALALEEIEKAKNDGFETIEKEQEEFLNSFWKDADVIIEGDKALQQGIRFNEFHLLQSVGRDGKTNIAAKGLTGGGYEGHYFWDSDIYIMPFFLYTKPEIAKALVMYRYNLLDAARSRAKELGHKGALYPWRTIDGPECSAYFPAGTAQYHINADIVYALKRYVEATNDVDFLYDYGCEILFETARFWEDLGAYIPLKGNKFCINCVTGPDEYTALVDNNAYTNYMAKMNLEYAYDIANKMKKEVPQKYQKVASKLNLKDEEIVAWKKAADNMYLPYSKELDIIPQDDSFLYKERITVDEIPEDQFPLLLHWHYLNIYRYQICKQPDVLLLMFLQREKFTKDELKKNYDYYEPITTHDSSLSPAIFSILAGEIGYTDKAYKYFMMTARMDLDDYNDNVKDGIHAASMAGTWSAVVNGFGGMRVYTNELHFEPRLPKEWNLLSFNVRYKGRKINVKLTKENVVFALLEGEPIEIYYFDKKILLEKGEIK,0.397940009
19,5.3.2.3,mutant,Aneurinibacillus thermoaerophilus,dTDP-4-dehydro-6-deoxy-alpha-D-glucose,0.15,7.5,37,mM,CC1C(=O)C(C(C(O1)OP(=O)(O)OP(=O)(O)OCC2C(CC(O2)N3C=C(C(=O)NC3=O)C)O)O)O,MENKVINFKKIIDSRGSLVAIEENKNIPFSIKRVFYIFDTKGEEPRGFHAHKKLEQVLVCLNGSCRVILDDGNIIQEITLDSPAVGLYVGPAVWHEMHDFSSDCVMMVLASDYYDETDYIRQYDNFKKYIAKINLEKEG,-0.823908741
20,1.4.1.8,mutant,Streptomyces albus,L-Valine,0.8,10.5,25,mM,CC(C)C(C(=O)O)N,MTDVTGAPADVLHTLFHSDQGGHEQVVLSQDRASGLKAVIALHSTALGPALGGTRFYPYANEAEAVADALNLARGMSYKNAMAGLEHGGGKAVIIGDPEQIKSEELLLAYGRFVASLGGRYVTACDVGTYVADMDVVARECRWTTGRSPENGGAGDSSVLTSFGVYQGMRAAAQHLWGDPTLRDRTVGIAGVGKVGHHLVEHLLAEGAHVVVTDVRKDVVRSLTERHPSVVAVADTDALIRVENLDIYAPCALGGALNDETVPVLTAKVVCGAANNQLAHPGVEKDLADRGILYAPDYVVNAGGVIQVADELHGFDFDRCKAKAAKIYDTTLAIFARAKEDGIPPAAAADRIAEQRMAEARARR,-0.096910013
21,3.4.22.59,mutant,Homo sapiens,N-acetyl-Val-Glu-Ile-Asp-7-amido-4-methylcoumarin,0.02371,7.5,37,mM,CCC(C)C(C(=O)NC(CC(=O)O)C(=O)NC1=CC2=C(C=C1)C(=CC(=O)O2)C)NC(=O)C(CCC(=O)O)NC(=O)C(C(C)C)NC(=O)C,MSSASGLRRGHPAGGEENMTETDAFYKREMFDPAEKYKMDHRRKGIALIFNHERFFWHLTLPERRGTCADRDNLTRRFSDLGFEVKCFNDLKAEELLLKIHEVSTVSHADADCFVCVFLSHGEGNHIYAYDAKIEIQTLTGLFKGDKCHSLVGKPKIFIIQACRGNQHDVPVIPLDVVDNQTEKLDTNITEVDAASVYTLPAGADFLMCYSVAEGYYSHRETVNGSWYIQDLCEMLGKYGSSLEFTELLTLVNRKVSQRRVDFCKDPSAIGKKQVPCFASMLTKKLHFFPKSN,-1.625068446
22,2.7.1.1,mutant,Homo sapiens,D-Fructose,7.7,7.5,30,mM,C1C(C(C(C(O1)(CO)O)O)O)O,MLDDRARMEAAKKEKVEQILAEFQLQEEDLKKVMRRMQKEMDRGLRLETHEEASVKMLPTYVRSTPEGSEVGDFLSLDLGGTNFRVMLVKVGEGEEGQWSVKTKHQMYSIPEDAMTGTAEMLFDYISECISDFLDKHQMKHKKLPLGFTFGFPVRHEDIDKGILLNWTKGFKASGAEGNNVVGLLRDAIKRRGDFEMDVVAMVNDTVATMISCYYEDHQCEVGMIVGTGCNACYMEEMQNVELVEGDEGRMCVNTEWGAFGDSGELDEFLLEYDRLVDESSANPGQQLYEKLIGGKYMGELVRLVLLRLVDENLLFHGEASEQLRTRGAFETRFVSQVESDTGDRKQIYNILSTLGLRPSTTDCDIVRRACESVSTRAAHMCSAGLAGVINRMRESRSEDVMRITVGVDGSVYKLHPSFKERFHASVRRLTPSCEITFIESEEGSGRGAALVSAVACKKACMLGQ,0.886490725
23,2.5.1.31,mutant,Micrococcus luteus,farnesyl diphosphate,0.0112,7.3,37,mM,CC(=CCCC(=CCCC(=CCOP(=O)(O)OP(=O)(O)O)C)C)C,MFPIKKRKAIKNNNINAAQIPKHIAIIMDGNGRWAKQKKMPRIKGHYEGMQTVKKITRYASDLGVKYLTLYAFSTENWSRPKDEVNYLMKLPGDFLNTFLPELIEKNVKVETIGFIDDLPDHTKKAVLEAKEKTKHNTGLTLVFALNYGGRKEIISAVQLIAERYKSGEISLDEISETHFNEYLFTANMPDPELLIRTSGEERLSNFLIWQCSYSEFVFIDEFWPAFNEESLAQCISIYQNRHRRFGGL,-1.950781977
24,1.3.1.9,mutant,Escherichia coli,Crotonoyl-CoA,0.35,7.5,30,mM,CC=CC(=O)SCCNC(=O)CCNC(=O)C(C(C)(C)COP(=O)(O)OP(=O)(O)OCC1C(C(C(O1)N2C=NC3=C(N=CN=C32)N)O)OP(=O)(O)O)O,MGFLSGKRILVTGVASKLSIAYGIAQAMHREGAELAFTYQNDKLKGRVEEFAAQLGSDIVLQCDVAEDASIDTMFAELGKVWPKFDGFVHSISFAPGDQLDGDYVNAVTREGFKIAHDISSYSFVAMAKACRSMLNPGSALLTLSYLGAERAIPNYNVMGLAKASLEANVRYMANAMGPEGVRVNAISAGPIRTLAASGIKDFRKMLAHCEAVTPIRRTVTIEDVGNSAAFLCSDLSAGISGEVVHVDGGFSIAAMNELELK,-0.455931956
25,2.3.1.87,mutant,Ovis aries,N-Bromoacetyltryptamine,0.03,6.8,30,mM,C1=CC=C2C(=C1)C(=CN2)CCNC(=O)CBr,MSTPSVHCLKPSPLHLPSGIPGSPGRQRRHTLPANEFRCLTPEDAAGVFEIEREAFISVSGNCPLNLDEVQHFLTLCPELSLGWFVEGRLVAFIIGSLWDEERLTQESLALHRPRGHSAHLHALAVHRSFRQQGKGSVLLWRYLHHVGAQPAVRRAVLMCEDALVPFFQRFGFHPAGPCAIVVGSLTFTEMHCSLRGHAALRRNSDR,-1.522878745
26,4.3.1.24,mutant,Petroselinum crispum,L-Phenylalanine,0.027,8.8,30,mM,C1=CC=C(C=C1)CC(C(=O)O)N,MENGNGATTNGHVNGNGMDFCMKTEDPLYWGIAAEAMTGSHLDEVKKMVAEYRKPVVKLGGETLTISQVAAISARDGSGVTVELSEAARAGVKASSDWVMDSMNKGTDSYGVTTGFGATSHRRTKQGGALQKELIRFLNAGIFGNGSDNTLPHSATRAAMLVRINTLLQGYSGIRFEILEAITKFLNQNITPCLPLRGTITASGDLVPLSYIAGLLTGRPNSKAVGPTGVILSPEEAFKLAGVEGGFFELQPKEGLALVNGTAVGSGMASMVLFEANILAVLAEVMSAIFAEVMQGKPEFTDHLTHKLKHHPGQIEAAAIMEHILDGSAYVKAAQKLHEMDPLQKPKQDRYALRTSPQWLGPQIEVIRSSTKMIEREINSVNDNPLIDVSRNKAIHGGNAQGTPIGVSMDNTRLAIAAIGKLMFAQFSELVNDFYNNGLPSNLSGGRNPSLDYGFKGAEIAMASYCSELQFLANPVTNHVQSAEQHNQDVNSLGLISSRKTSEAVEILKLMSTTFLVGLCQAIDLRHLEENLKSTVKNTVSSVAKRVLTMGVNGELHPSRFCEKDLLRVVDREYIFAYIDDPCSATYPLMQKLRQTLVEHALKNGDNERNLSTSIFQKIATFEDELKALLPKEVESARAALESGNPAIPNRIEECRSYPLYKFVRKELGTEYLTGEKVTSPGEEFEKVFIAMSKGEIIDPLLECLESWNGAPLPIC,-1.568636236
27,2.8.2.4,mutant,Homo sapiens,Dopamine,0.2407,7.0,37,mM,C1=CC(=C(C=C1CCN)O)O,MNSELDYYEKFEEVHGILMYKDFVKYWDNVEAFQARPDDLVIATYPKSGTTWVSEIVYMIYKEGDVEKCKEDVIFNRIPFLECRKENLMNGVKQLDEMNSPRIVKTHLPPELLPASFWEKDCKIIYLCRNAKDVAVSFYYFFLMEAGHPNPGSFPEFVEKFMQGQVPYGSWYKHVKSWWEKGKSPRVLFLFYEDLKEDIRKEVIKLIHFLERKPSEELVDRIIHHTSFQEMKNNPSTNYTTLPDEIMNQKLSPFMRKGITGDWKNHFTVALNEKFDKHYEQQMKESTLKFRTEI,-0.61852391
28,3.6.1.13,mutant,Thermus thermophilus,ADPribose,0.044,7.5,25,mM,C1=NC(=C2C(=N1)N(C=N2)C3C(C(C(O3)COP(=O)(O)OP(=O)(O)OCC4C(C(C(O4)O)O)O)O)O)N,MGRVYYGGVERTYLYRGRILNLALEGRYEIVEHKPAVAVIALREGRMLFVRQMRPAVGLAPLEIPAGLIEPGEDPLEAARRELAEETGLSGDLTYLFSYFVSPGFTDEKTHVFLAENLKEVEAHPDEDQAIEVVWMRPEEALERHQRGEVEFSATGLVGVLYYHAFLRGR,-1.356547324
29,1.1.1.40,mutant,Columba livia,NADP+,0.0008,7.4,30,mM,C1=CC(=C[N+](=C1)C2C(C(C(O2)COP(=O)(O)OP(=O)(O)OCC3C(C(C(O3)N4C=NC5=C(N=CN=C54)N)OP(=O)(O)O)O)O)O)C(=O)N,MKKGYEVLRDPHLNKGMAFTLEERQQLNIHGLLPPCFLGQDAQVYSILKNFERLTSDLDRYILLMSLQDRNEKLFYKVLTSDIERFMPIVYTPTVGLACQHYGLAFRRPRGLFITIHDRGHIATMLQSWPESVIKAIVVTDGERILGLGDLGCYGMGIPVGKLALYTACGGVKPHQCLPVMLDVGTDNETLLKNPLYIGLRHKRIRGQAYDDLLDEFMEAVTSRYGMNCLIQFEDFANANAFRLLHKYRNKYCTFNDDIQGTASVAVAGLLAALRITKNRLSDHTVLFQGAGEAALGIANLIVMAMQKEGVSKEEAIKRIWMVDSKGLIVKGRASLTPEKEHFAHEHCEMKNLEDIVKDIKPTVLIGVAAIGGAFTQQILQDMAAFNKRPIIFALSNPTSKAECTAEQLYKYTEGRGIFASGSPFDPVTLPSGQTLYPGQGNNSYVFPGVALGVISCGLKHIGDDVFLTTAEVIAQEVSEENLQEGRLYPPLVTIQQVSLKIAVRIAKEAYRNNTASTYPQPEDLEAFIRSQVYSTDYNCFVADSYTWPEEAMKVKL,-3.096910013
30,3.1.3.48,mutant,Saccharomyces cerevisiae,4-Nitrophenyl phosphate,2.8,7.0,30,mM,C1=CC(=CC=C1[N+](=O)[O-])OP(=O)(O)O,MRRSVYLDNTIEFLRGRVYLGAYDYTPEDTDELVFFTVEDAIFYNSFHLDFGPMNIGHLYRFAVIFHEILNDPENANKAVVFYSSASTRQRANAACMLCCYMILVQAWTPHQVLQPLAQVDPPFMPFRDAGYSNADFEITIQDVVYGVWRAKEKGLIDLHSFNLESYEKYQHVEFGDFNVLTPDFIAFASPQEDHPKGYLATKSSHLNQPFKSVLNFFANNNVQLVVRLNSHLYNKKHFEDIGIQHLDLIFEDGTCPDLSIVKNFVGAAETIIKRGGKIAVHCKAGLGRTGCLIGAHLIYTYGFTANECIGFLRFIRPGMVVGPQQHWLYLHQNDFREWKYTTRISLKPSEAIGGLYPLISLEEYRLQKKKLKDDKRVAQNNIEGELRDLTMTPPSNGHGALSARNSSQPSTANNGSNSFKSSAVPQTSPGQPRKGQNGSNTIEDINNNRNPTSHANRKVVIESNNSDDESMQDTNGTSNHYPKVSRKKNDISSASSSRMEDNEPSATNINNAADDTILRQLLPKNRRVTSGRRTTSAAGGIRKISGSIKK,0.447158031
31,3.2.1.21,mutant,Homo sapiens,p-Nitrophenyl-beta-L-arabinopyranoside,4.8,6.5,37,mM,C1C(C(C(C(O1)OC2=CC=C(C=C2)[N+](=O)[O-])O)O)O,MAFPAGFGWAAATAAYQVEGGWDADGKGPCVWDTFTHQGGERVFKNQTGDVACGSYTLWEEDLKCIKQLGLTHYRFSLSWSRLLPDGTTGFINQKGIDYYNKIIDDLLKNGVTPIVTLYHFDLPQTLEDQGGWLSEAIIESFDKYAQFCFSTFGDRVKQWITINEANVLSVLSYDLGMFPPGIPHFGTGGYQAAHNLIKAHARSWHSYDSLFRKKQKGMVSLSLFAVWLEPADPNSVSDQEAAKRAITFHLDLFAKPIFIDGDYPEVVKSQIASMSQKQGYPSSRLPEFTEEEKKMIKGTADFFAVQYYTTRLIKYQENKKGELGILQDAEIEFFPDPSWKNVDWIYVVPWGVCKLLKYIKDTYNNPVIYITENGFPQSDPAPLDDTQRWEYFRQTFQELFKAIQLDKVNLQVYCAWSLLDNFEWNQGYSSRFGLFHVDFEDPARPRVPYTSAKEYAKIIRNNGLEAHL,0.681241237
32,1.1.1.34,mutant,Mesocricetus auratus,3-Hydroxy-3-methylglutaryl-CoA,10.0,6.5,37,mM,CC(C)(COP(=O)(O)OP(=O)(O)OCC1C(C(C(O1)N2C=NC3=C(N=CN=C32)N)O)OP(=O)(O)O)C(C(=O)NCCC(=O)NCCSC(=O)CC(C)(CC(=O)O)O)O,MLSRLFRMHGLFVASHPWEVIVGTVTLTICMMSMNMFTGNNKICGWNYECPKFEEDVLSSDIIILTITRCIAILYIYFQFQNLRQLGSKYILGIAGLFTIFSSFVFSTVVIHFLDKELTGLNEALPFFLLLIDLSRASALAKFALSSNSQDEVRENIARGMAILGPTFTLDALVECLVIGVGTMSGVRQLEIMCCFGCMSVLANYFVFMTFFPACVSLVLELSRESREGRPIWQLSHFARVLEEEENKPNPVTQRVKMIMSLGLVLVHAHSRWIADPSPQNSTTEHSKVSLGLDEDVSKRIEPSVSLWQFYLSKMISMDIEQVVTLSLAFLLAVKYIFFEQAETESTLSLKNPITSPVATPKKAPDNCCRREPVLSRRNEKLSSVEEEPGVNQDRKVEVIKPLVAETESTSRATFVLGASGGCSPVALGTQEPEIELPSEPRPNEECLQILESAEKGAKFLSDAEIIQLVNAKHIPAYKLETLMETHERGVSIRRQLLSTKLPEPSSLQYLPYRDYNYSLVMGACCENVIGYMPIPVGVAGPLCLDGKEYQVPMATTEGCLVASTNRGCRAIGLGGGASSRVLADGMTRGPVVRLPRACDSAEVKAWLETPEGFAVIKDAFDSTSRFARLQKLHVTMAGRNLYIRFQSKTGDAMGMNMISKGTEKALVKLQEFFPEMQILAVSGNYCTDKKPAAVNWIEGRGKTVVCEAVIPARVVREVLKTTTEAMIDVNINKNLVGSAMAGSIGGYNAHAANIVTAIYIACGQDAAQNVGSSNCITLMEASGPTNEDLYISCTMPSIEIGTVGGGTNLLPQQACLQMLGVQGACKDNPGENARQLARIVCGTVMAGELSLMAALAAGHLVRSHMVHNRQKINLQDLQGTCTKKAA,1.0
33,3.1.3.48,mutant,Saccharomyces cerevisiae,"6,8-Difluoro-4-methylumbelliferyl phosphate",0.00071,7.0,30,mM,CC1=CC(=O)OC2=C(C(=C(C=C12)F)OP(=O)(O)O)F,MRRSVYLDNTIEFLRGRVYLGAYDYTPEDTDELVFFTVEDAIFYNSFHLDFGPMNIGHLYRFAVIFHEILNDPENANKAVVFYSSASTRQRANAACMLCCYMILVQAWTPHQVLQPLAQVDPPFMPFRDAGYSNADFEITIQDVVYGVWRAKEKGLIDLHSFNLESYEKYEHVEFGNFNVLTPDFIAFASPQEDHPKGYLATKSSHLNQPFKSVLNFFANNNVQLVVRLNSHLYNKKHFEDIGIQHLDLIFEDGTCPDLSIVKNFVGAAETIIKRGGKIAVHCKAGLGRTGCLIGAHLIYTYGFTANECIGFLRFIRPGMVVGPQQHWLYLHQNDFREWKYTTRISLKPSEAIGGLYPLISLEEYRLQKKKLKDDKRVAQNNIEGELRDLTMTPPSNGHGALSARNSSQPSTANNGSNSFKSSAVPQTSPGQPRKGQNGSNTIEDINNNRNPTSHANRKVVIESNNSDDESMQDTNGTSNHYPKVSRKKNDISSASSSRMEDNEPSATNINNAADDTILRQLLPKNRRVTSGRRTTSAAGGIRKISGSIKK,-3.148741651
34,2.5.1.29,mutant,Saccharomyces cerevisiae,Isopentenyl diphosphate,0.0003,7.5,25,mM,CC(=C)CCOP(=O)(O)OP(=O)(O)O,MEAKIDGGINNDPVWSSQNESLISKPYNHILLKPGKNFRLNLIVQINRVMNLPKDQLAIVSQIVELLHNSSLLIDDIEDNAPLRRGQTTSHLIFGVPSTINTANYMYFRAMQLVSQLTTKEPLYHNLITIFNEELINLHRGQGLDIYWRDFLPEIIPTQEMYLNMVMNKTGGLFRLTLRLMEALSPSSHHGHSLVPFINLLGIIYQIRDDYLNLKDFQMSSEKGFAEDITEGKLSFPIVHALNFTKTKGQTEQHNEILRILLLRTSDKDIKLKLIQILEFDTNSLAYTKNFINQLVNMIKNDNENKYLPDLASHSDTATNLHDELLYIIDHLSEL,-3.522878745
35,2.7.7.13,mutant,Pseudomonas aeruginosa,GTP,0.0017,7.5,25,mM,C1=NC2=C(N1C3C(C(C(O3)COP(=O)(O)OP(=O)(O)OP(=O)(O)O)O)O)N=C(NC2=O)N,MIPVILSGGSGARLWPLSRKQYPKQFLALTGDDTLFQQTIKRLAFDGMQAPLLVCNKEHRFIVQEQLEAQNLASQAILLEPFGRNTAPAVAIAAMKLVAEGRDELLLILPADHVIEDQRAFQQALALATNAAEKGEMVLFGIPASRPETGYGYIRASADAQLPEGVSRVQSFVEKPDEARAREFVAAGGYYWNSGMFLFRASRYLEELKKHDADIYDTCLLALERSQHDGDLVNIDAATFECCPDNSIDYAVMEKTSRACVVPLSAGWNDVGSWSSIWDVHAKDANGNVTKGDVLVHDSHNCLVHGNGKLVSVIGLEDIVVVETKDAMMIAHKDRVQDVKHVVKDLDAQGRSETQNHCEVYRPWGSYDSVDMGGRFQVKHITVKPGARLSLQMHHHRAEHWIVVSGTAQVTCDDKTFLLTENQSTYIPIASVHRLANPGKIPLEIIEVQSGSYLGEDDIERLEDVYGRTAEPALQVVAGSR,-2.769551079
36,6.3.1.2,mutant,Arabidopsis thaliana,L-Glutamate,0.83,7.8,30,mM,C(CC(=O)O)C(C(=O)O)N,MSSLADLINLDLSDSTDQIIAEYIWIGGSGLDMRSKARTLPGPVTDPSQLPKWNYDGSSTGQAPGDDSEVIIYPQAIFKDPFRRGNNILVMCDAYTPAGEPIPTNKRHAAAKIFEDPSVVAEETWYGIEQEYTLLQKDIKWPVGWPVGGFPGPQGPYYCGVGADKAFGRDIVDAHYKACLYAGINVSGTNGEVMPGQWEFQVGPTVGIAAADQVWVARYILERITELAGVVLSLDPKPIPGDWNGAGAHTNYSTKSMREDGGYEVIKKAIEKLGLRHKEHIAAYGEGNERRLTGKHETADINTFLWGVANRGASIRVGRDTEQAGKGYFEDRRPASNMDPYTVTSMIAESTILWKP,-0.080921908
37,1.1.3.38,mutant,Penicillium simplicissimum,4-(Methoxymethyl)phenol,0.023,10.0,25,mM,COCC1=CC=C(C=C1)O,MSKTQEFRPLTLPPKLSLSDFNEFIQDIIRIVGSENVEVISSKDQIVDGSYMKPTHTHDPHHVMDQDYFLASAIVAPRNVADVQSIVGLANKFSFPLWPISIGRNSGYGGAAPRVSGSVVLDMGKNMNRVLEVNVEGAYCVVEPGVTYHDLHNYLEANNLRDKLWLDVPDLGGGSVLGNAVERGVGYTPYGDHWMMHSGMEVVLANGELLRTGMGALPDPKRPETMGLKPEDQPWSKIAHLFPYGFGPYIDGLFSQSNMGIVTKIGIWLMPNPRGYQSYLITLPKDGDLKQAVDIIRPLRLGMALQNVPTIRHILLDAAVLGDKRSYSSRTEPLSDEELDKIAKQLNLGRWNFYGALYGPEPIRRVLWETIKDAFSAIPGVKFYFPEDTPENSVLRVRDKTMQGIPTYDELKWIDWLPNGAHLFFSPIAKVSGEDAMMQYAVTKKRCQEAGLDYIGTFTVGMREMHHIVCIVFNKKDLIQKRKVQWLMRTLIDDCAANGWGEYRTHLAFMDQIMETYNWNNSSFLRFNEVLKNAVDPNGIIAPGKSGVWPSQYSHVTWKL,-1.638272164
38,2.4.1.170,mutant,Glycine max,UDPglucose,0.045,8.5,30,mM,C1=CN(C(=O)NC1=O)C2C(C(C(O2)COP(=O)(O)OP(=O)(O)OC3C(C(C(C(O3)CO)O)O)O)O)O,MKDTIVLYPNLGRGHLVSMVELGKLILTHHPSLSITILILTPPTTPSTTTTTLACDSNAQYIATVTATTPSITFHRVPLAALPFNTPFLPPHLLSLELTRHSTQNIAVALQTLAKASNLKAIVIAFMNFNDPKALTENLNNNVPTYFYYTSGASTLALLLYYPTIHPTLIEKKDTDQPLQIQIPGLSTITADDFPNECKDPLSYACQVFLQIAETMMGGAGIIVNTFEAIEEEAIRALSEDATVPPPLFCVGPVISAPYGEEDKGCLSWLNLQPSQSVVLLCFGSMGRFSRAQLKEIAIGLEKSEQRFLWVVRTELGGADDSAEELSLDELLPEGFLERTKEKGMVVRDWAPQAAILSHDSVGGFVTHCGWNSVLEAVCEGVPMVAWPLYAEQKMNRMVMVKEMKVALAVNENKDGFVSSTELGDRVRELMESDKGKEIRQRIFKMKMSAAEAMAEGGTSRASLDKLAKLWKQS,-1.346787486
39,1.1.99.31,mutant,Pseudomonas putida,2-hydroxyhexanoate,1.4,7.5,20,mM,CCCCC(C(=O)[O-])O,MSQNLFNVEDYRKLRQKRLPKMVYDYLEGGAEDEYGVKHNRDVFQQWRFKPKRLVDVSRRSLQAEVLGKRQSMPLLIGPTALNGALWPKGDLALARAATKAGIPFVLSTASNMSIEDLARQCDGDLWFQLYVIHREIAQGMVLKALHTGYTTLVLTTDVAVNGYRERDLHNRFKIPMSYSAKVVLDGCLHPRWSLDFVRHGMPQLANFVSSQTSSLEMQAALMSRQMDASFNWEALRWLRDLWPHKLLVKGLLSAEDADRCIAEGADGVILSNHGGRQLDCAISPMEVLAQSVAKTGKPVLIDSGFRRGSDIVKALALGAEAVLLGRATLYGLAARGETGVDEVLTLLKADIDRTLAQIGCPDITSLSPDYLQNEGVTNTAPVDHLIGKGTHA,0.146128036
40,1.1.1.10,mutant,Rattus norvegicus,Xylitol,4.9,7.0,25,mM,C(C(C(C(CO)O)O)O)O,MDLGLAGRRALVTGAGKGIGRSTVLALQAAGAQVVAVSRTREDLDSLVRECPGVEPVCVDLADWEATEQALSNVGPVDLLVNNAAVATLQPFLEVTKEACDTSFNVNFRAVVQVSQIVARGMIARGVPGAIVNVSSQASQRAFTNHTVYCSTKGALDMLTKVMALELGPHKIRVNAVNPTVVMTPMGRANWSDPHKAKVMLDRIPLGKFAEVENVVDTILFLLSNRSSMTTGSALPVDGGFLAT,0.69019608
41,1.20.1.1,mutant,Pseudomonas stutzeri,NADP+,0.077,7.25,25,mM,C1=CC(=C[N+](=C1)C2C(C(C(O2)COP(=O)(O)OP(=O)(O)OCC3C(C(C(O3)N4C=NC5=C(N=CN=C54)N)OP(=O)(O)O)O)O)O)C(=O)N,MLPKLVITHRVHDEILQLLAPHCELMTNQTDSTLTREEILRRCRDAQAMMAFMPDRVDADFLQACPELRVVGCALKGFDNFDVDACTARGVWLTFVPDLLTVPTAELAIGLAVGLGRHLRAADAFVRSGEFQGWQPQFYGTGLDNATVGILGMGAIGLAMADRLQGWGATLQYHERKALDTQTEQRLGLRQVACSELFASSDFILLALPLNADTQHLVNAELLALVRPGALLVNPCRGSVVDEAAVLAALERGQLGGYAADVFEMEDWARADRPRLIDPALLAHPNTLFTPHIGSAVRAVRLEIERCAAQNIIQVLAGARPINAANRLPKAEPAAC,-1.113509275
42,4.1.1.1,mutant,Zymomonas mobilis,2-keto-4-methylhexanoic acid,1.7,6.5,30,mM,CCC(C)CC(=O)C(=O)O,MSYTVGTYLAERLVQIGLKHHFAVAGDYNLVLLDNLLLNKNMEQVYCCNELNCGFSAEGYARAKGAAAAVVTYSVGALSAFDAIGGAYAENLPVILISGAPNNNDHAAGHVLHHALGKTDYHYQLEMAKNITAAAEAIYTPEEAPAKIDHVIKTALREKKPVYLEIACNIASMPCAAPGPASALFNDEASDEASLNAAVEETLKFIADRDKVAVLVGSKLRAAGAEEAAVKFADALGGAVATMAAAKSFFPEENPHYIGTSWGEVSYPGVEKTMKEADAVIALAPVFNDYSTTGWTDIPDPKKLVLAEPRSVVVNGIRFPSVHLKDYLTRLAQKVSKKTGALDFFKSLNAGELKKAAPADPSAPLVNAEIARQVEALLTPNTTVIAETGDSWFNAQRIKLPNGARVEYEMQWGHIGWSVPAAFGYAVGAPERRNILMVGDGSFQLTAQEVAQMVRLKPPVIIFLINNYGYTAEVMIHDGPYNNIKNWDYAGLMEVFNGNGGYDSGAGKGLKAKTGGELAEAIKVALANTDGPTLIECFIGREDCTEELVKWGKRVAAANSRKPVNKLL,0.230448921
43,3.2.1.37,mutant,Geobacillus stearothermophilus,3-Nitrophenyl-beta-D-xylopyranoside,0.061,7.0,40,mM,C1C(C(C(C(O1)OC2=CC=CC(=C2)[N+](=O)[O-])O)O)O,MATNLFFNAHHSPVGAFASFTLGFPGKSGGLDLELARPPRQNVFIGVESPHEPGLYHILPFAETAGEDESKRYDIENPDPNPQKPNILIPFAKERIEREFRVATDTWKAGDLTLTIYSPVKAVPDPETASEEELKLALVPAVIVEMTIDNTNGTRTRRAFFGFEGTDPYTSMRRIDDTCPQLRGVGQGRILGIASKDEGVRSALHFSMEDILTATLEENWTFGLGKVGALIADVPAGEKKTYQFAVCFYRGGCVTAGMDASYFYTRFFHNIEEVGLYALEQAEVLKEQAFRSNELIEKEWLSDDQKFMMAHAIRSYYGNTQLLEHEGKPIWVVNEGEYRMMNTFDLTVDQLFFELKMNPWTVKNVLDFYVERYSYEDRVRFPGDETEYPGGISFTHDMGVANTFSRPHYSSYELYGISGCFSHMTHEQLVNWVLCAAVYIEQTKDWAWRDRRLTILEQCLESMVRRDHPDPEKRNGVMGLDSTRTMGGAEITTYGSLDVSLGQARNNLYLAGKCWAAYVALEKLFRDVGKEELAALAREQAEKCAATIVSHVTEDGYIPAVMGEGNDSKIIPAIEGLVFPYFTNCHEALREDGRFGDYIRALRQHLQYVLREGICLFPDGGWKISSTSNNSWLSKIYLCQFIARRILGWEWDEQGKRADAAHVAWLTHPTLSIWSWSDQIIAGEISGSKYYPRGVTSILWLEEGE,-1.214670165
44,1.14.15.8,mutant,Priestia megaterium,11-deoxycortisol,0.037,7.4,30,mM,CC12CCC(=O)C=C1CCC3C2CCC4(C3CCC4(C(=O)CO)O)C,MKEVIAVKEITRFKTRTEEFSPYAWCKRMLENDPVSYHEGTDTWNVFKYEDVKRVLSDYKHFSSVRKRTTISVGTDSEEGSVPEKIQITESDPPDHRKRRSLLAATFTPRSLQNWEPRIQEIADELIGQMDGGTEIDIVASLASPLPIIVMAVLMGVPSKDRLLFKKWVDTLFLPFDREKQEEVDKLKKVAAKEYYQYLYPIVVQKRLNPADDFISDLLKSEVDGEMFTDDEVVRTTMLILGAGVETTSHLLANSFYSLLYDDKEVYQELHENLDLVPQAVEEMLRFRFNLIKLDRTVKEDNDLLGVELKEGDSVVVWMSAANMDEEMFEDPFTLNIHRPNNKKHLTFGNGPHFCLGAPLARLEAKIALTAFLKKFKHIEAVPSFQLEENLTDSATGQSLTSLPLKASLM,-1.431798276
45,2.4.2.1,mutant,Homo sapiens,Hypoxanthine,0.01,7.0,25,mM,C1=NC2=C(N1)C(=O)NC=N2,MENGYTYEDYKNTAEWLLSHTKHRPQVAIICGSGLGGLTDKLTQAQIFDYGEIPNFPRSTVPGHAGRLVFGFLNGRACVMMQGRFHMFEGYPLWKVTFPVRVFHLLGVDTLVVTNAAGGLNPKFEVGDIMLIRDHINLPGFSGQNPLRGPNDERFGDRFPAMSDAYDRTMRQRALSTWKQMGEQRELQEGTYVMVAGPSFETVAECRVLQKLGADAVGMSTVPEVIVARHCGLRVFGFSLITNKVIMDYESLEKANHEEVLAAGKQAAQKLEQFVSILMASIPLPDKAS,-2.0
46,3.5.2.6,mutant,Bacteroides fragilis,Imipenem,0.014,7.2,25,mM,CC(C1C2CC(=C(N2C1=O)C(=O)O)SCCN=CN)O,MKTVFILISMLFPVAVMAQKSVKISDDISITQLSDKVYTYVSLAEIEGWGMVPSNGMIVINNHQAALLDTPINDAQTEMLVNWVTDSLHAKVTTFIPNHWHGNCIGGLGYLQRKGVQSYANQMTIDLAKEKGLPVPEHGFTDSLTVSLDGMPLQCYYLGGGHATDNIVVWLPTENILFGGCMLKDNQATSIGNISDADVTAWPKTLDKVKAKFPSARYVVPGHGDYGGTELIEHTKQIVNQYIESTSKP,-1.853871964
47,4.1.2.49,mutant,Aeromonas jandaei,L-threonine,3.27,8.0,30,mM,CC(C(C(=O)O)N)O,MRYIDLRSDTVTQPTDAMRQCMLHAEVGDDVYGEDPGVNALEAYGADLLGKEAALFVPSGTMSNLLAVMSHCQRGEGAVLGSAAHIYRYEAQGSAVLGSVALQPVPMQADGSLALADVRAAIAPDDVYFTPTRLVCLENTHNGKVLPLPYLREMRELVDEHGLQLHLDGARLFNAVVASGHTVRELVAPFDSVSICLSKGLGAPVGSLLVGSHAFIARARRLRKMVGGGMRQAGILAQAGLFALQQHVVRLADDHRRARQLAEGLAALPGIRLDLAQVQTNMVFLQLTSGERAPLLAFMKARGILFSGYGELRLVTHLQIHDDDIEEVIDAFTEYLGA,0.514547753
48,1.3.98.1,mutant,Lactococcus lactis subsp. lactis,Fumarate,0.06,8.0,25,mM,C(=CC(=O)[O-])C(=O)[O-],MLKTTFANAEFANPFMNASGVHCMTTEDLEELKASQAGAYITKSSTLEKREGNPLPRYVDLELGSINSMGLPNLGFDYYLDYVLKNQKEKAQEAPIFFSIAGMSAAENIAMLKKIQESNFSGITELNLSCANVPGKPQLAYDFEATEKLLKEVFTFFTKPLGVKLPPYFDLVHFDIMAEILNQFPLTYVNSVNSIGNGLFIDSEAESVVIKPKDGFGGIGGAYIKPTALANVRAFYTRLKPEIKIIGTGGIETGQDAFEHLLCGATMLQIGTALHKEGPAIFDRIIKELEEIMDKKGYQSIADFHGKLKSL,-1.22184875
49,2.7.1.60,mutant,Escherichia coli,D-Glucose,6.4,7.6,25,mM,C(C1C(C(C(C(O1)O)O)O)O)O,MTTLAIDIGGTKLAAALIGADGQIRDRRELPTPASQTPEALRDALSALVSPLQAHAQRVAIASTGIIRDGSLLALNPHNLGGLPHFPLVKTLEQLTNLPTIAINDAQAAAWAEFQALDGDITDMVFITVSTGVGGGVVSGCKLLTGPGGLAGHIGHTLADPHGPVCGCGRTGCVEAIASGRGIAAAAQGELAGADAKTIFTRAGQGDEQAQQLIHRSARTLARLIADIKATTDCQCVVVGGSVGLAEGYLALVETYLAQEPAAFHVDLLAAHYRHDAGLLGAALLAQGEKL,0.806179974
50,1.4.3.3,mutant,Sus scrofa,D-Alanine,0.12,8.5,25,mM,CC(C(=O)O)N,MRVVVIGAGVIGLSTALCIHERYHSVLQPLDVKVYADRFTPFTTTDVAAGLWQPYTSEPSNPQEANWNQQTFNYLLSHIGSPNAANMGLTPVSGYNLFREAVPDPYWKDMVLGFRKLTPRELDMFPDYRYGWFNTSLILEGRKYLQWLTERLTERGVKFFLRKVESFEEVARGGADVIINCTGVWAGVLQPDPLLQPGRGQIIKVDAPWLKNFIITHDLERGIFNSPYIIPGLQAVTLGGTFQVGNWNEINNIQDHNTIWEGCCRLEPTLKDAKIVGEYTGFRPVRPQVRLEREQLRFGSSNTEVIHNYGHGGYGLTIHWGCALEVAKLFGKVLEERNLLTMPPSHL,-0.920818754
51,3.2.1.14,mutant,Serratia marcescens,"4-Methylumbelliferyl-beta-D-N,N'-diacetylchitobioside",0.017,9.0,37,mM,CC1=CC(=O)OC2=C1C=CC(=C2)OC3C(C(C(C(O3)CO)OC4C(C(C(C(O4)CO)O)O)NC(=O)C)O)NC(=O)C,MSTRKAVIGYYFIPTNQINNYTETDTSVVPFPVSNITPAKAKQLTHINFSFLDINSNLECAWDPATNDAKARDVVNRLTALKAHNPSLRIMFSIGGWYYSNDLGVSHANYVNAVKTPAARTKFAQSCVRIMKDYGFDGVDINWEYPQAAEVDGFIAALQEIRTLLNQQTIADGRQALPYQLTIAGAGGAFFLSRYYSKLAQIVAPLDYINLMTYDLAGPWEKITNHQAALFGDAAGPTFYNALREANLGWSWEELTRAFPSPFSLTVDAAVQQHLMMEGVPSAKIVMGVPFYGRAFKGVSGGNGGQYSSHSTPGEDPYPNADYWLVGCDECVRDKDPRIASYRQLEQMLQGNYGYQRLWNDKTKTPYLYHAQNGLFVTYDDAESFKYKAKYIKQQQLGGVMFWHLGQDNRNGDLLAALDRYFNAADYDDSQLDMGTGLRYTGVGPGNLPIMTAPAYVPGTTYAQGALVSYQGYVWQTKWGYITSAPGSDSAWLKVGRLA,-1.769551079
52,1.1.1.86,mutant,Escherichia coli,3-Hydroxypyruvate,1.37,8.0,37,mM,C(C(=O)C(=O)[O-])O,MANYFNTLNLRQQLAQLGKCRFMGRDEFADGASYLQGKKVVIVGCGAQGLNQGLNMRDSGLDISYALRKEAIAEKRASWRKATENGFKVGTYEELIPQADLVINLTPDKQHSDVVRTVQPLMKDGAALGYSHGFNIVEVGEQIRKDITVVMVAPKCPGTEVREEYKRGFGVPTLIAVHPENDPKGEGMAIAKAWAAATGGHRAGVLESSFVAEVKSDLMGDQTILCGMLQAGSLLCFDKLVEEGTDPAYAEKLIQFGWETITEALKQGGITLMMDRLSNPAKLRAYALSEQLKEIMAPLFQKHMDDIISGEFSSGMMADWANDDKKLLTWREETGKTAFETAPQYEGKIGEQEYFDKGVLMIAMVKAGVELAFETMVDSGIIEESAYYESLHELPLIANTIARKRLYEMNVVISDTAEYGNYLFSYACVPLLKPFMAELQPGDLGKAIPEGAVDNGQLRDVNEAIRSHAIEQVGKKLRGYMTDMKRIAVAG,0.136720567
53,3.2.1.21,mutant,Homo sapiens,Eriodictyol 7-O-beta-D-glucoside,0.0936,6.5,37,mM,C1C(OC2=CC(=CC(=C2C1=O)O)OC3C(C(C(C(O3)CO)O)O)O)C4=CC(=C(C=C4)O)O,MAFPAGFGWAAATAAYQVEGGWDADGKGPCVWDTFTHQGGERVFKNQTGDVACGSYTLWEEDLKCIKQLGLTHYRFSLSWSRLLPDGTTGFINQKGIDYYNKIIDDLLKNGVTPIVTLYHFDLPQTLEDQGGWLSEAIIESFDKYAQFCFSTFGDRVKQWITINEANVLSVMSYDLGMFPPGIPHFGTGGYQAAHNLIKAHARSWHSYDSLFRKKQKGMVSLSLFAVWLEPADPNSVSDQEAAKRAITFHLDLFAKPIFIDGDYPEVVKSQIASMSQKQGYPSSRLPEFTEEEKKMIKGTADFFAVQYYTTRLIKYQENKKGELGILQDAEIEFFPDPSWKNVDAIYVVPWGVCKLLKYIKDTYNNPVIYITENGFPQSDPAPLDDTQRWEYFRQTFQELFKAIQLDKVNLQVYCAWSLLDNFEWNQGYSSRFGLFHVDFEDPARPRVPYTSAKEYAKIIRNNGLEAHL,-1.028724151
54,3.1.3.48,mutant,Yersinia enterocolitica,4-Nitrophenyl phosphate,0.94,7.0,30,mM,C1=CC(=CC=C1[N+](=O)[O-])OP(=O)(O)O,MNLSLSDLHRQVSRLVQQESGDCTGKLRGNVAANKETTFQGLTIASGARESEKVFAQTVLSHVANIVLTQEDTAKLLQSTVKHNLNNYELRSVGNGNSVLVSLRSDQMTLQDAKVLLEAALRQESGARGHVSSHSHSVLHAPGTPVREGLRSHLDPRTPPLPPRERPHTSGHHGAGEARATAPSTVSPYGPEARAELSSRLTTLRNTLAPATNDPRYLQACGGEKLNRFRDIQCCRQTAVRADLNANYIQVGNTRTIACQYPLQSQLESHFRMLAENRTPVLAVLASSSEIANQRFGMPDYFRQSGTYGSITVESKMTQQVGLGDGIMADMYTLTIREAGQKTISVPVVHVGNWPDQTAVSSEVTKALASLVDQTAETKRNMYESKGSSAVADDSKLRPVIHCRAGVGRTAQLIGAMCMNDSRNSQLSVEDMVSQMRVQRNGIMVMKDEQLDVLIKLAEGQGRPLLNS,-0.026872146
55,5.1.1.13,mutant,Pyrococcus horikoshii,L-Aspartate,0.14,8.0,70,mM,C(C(C(=O)O)N)C(=O)O,MKTIGILGGMGPLATAELFRRIVIKTPAKRDQEHPKVIIFNNPQIPDRTAYILGKGEDPRPQLIWTAKRLEECGADFIIMPCNTAHAFVEDIRKAIKIPIISMIEETAKKVKELGFKKAGLLATTGAIVSGVYEKEFSKYGVEIMTPTEDEQKDVMRGIYEGVKAGNLKLGRELLLKTAKILEERGAECIIAGCTEVSVVLKQDDLKVPLIDPMDVIAEVAVKVALEK,-0.853871964
56,1.1.1.141,mutant,Homo sapiens,"(5Z,13E)-(15S)-11alpha,15-dihydroxy-9-oxoprost-5,13-dienoate",0.0035,7.5,37,mM,CCCCCC(C=CC1C(CC(=O)C1CC=CCCCC(=O)O)O)O,MHVNGKVALVTGAAQGIGRAFAEALLLKGAKVALVDWNLEAGVQCKAALDEQFEPQKTLFIQCDVADQQQLRDTFRKVVDHFGRLDILVNNAGVNNEKNWEKTLQINLVSVISGTYLGLDYMSKQNGGEGGIIINMSSLAGLMPVAQQPVYCASKHGIVGFTRSAALAANLMNSGVRLNAICPGFKNTAILESIEKEENMGQYIEYKDHIKDMIKYYGILDPPLIANGLITLIEDDALNGAIMKITTSKGIHFQDYDTTPFQAKTQ,-2.455931956
57,2.5.1.18,mutant,Drosophila melanogaster,"1-Chloro-2,4-dinitrobenzene",0.15,6.5,25,mM,C1=CC(=C(C=C1[N+](=O)[O-])[N+](=O)[O-])Cl,MSSSGIVLYGTDLSPCVRTVKLTLNVLNLDYEYKEVNLQAGEHLSEEYVKKNPQHTVPMLDDNGTFIWDSHAIAAYLVDKYAKSDELYPKDLAKRAIVNQRLFFDASVIYASIANVCRPFWINGVTEVPQEKLDAVHQGLKLLEAFLGNSPYLAGDSLTLADLSTGPTVSAVPAAVDIDPATYPKVTAWLDRLNKLPYYKEINEAPAQSYVAFLRSKWTKLGDK,-0.823908741
58,2.7.7.19,mutant,Bos taurus,RNA (poly(A)),0.00051,8.3,37,mM,Nc9ncnc1c9(ncn1C8OC(COP(O)(=O)OC5C(O)C(OC5(COP(O)(=O)OC2C(O)C(OC2(CO))n4cnc3c(N)ncnc34))n7cnc6c(N)ncnc67)C(O)C8(O)),MPFPVTTQGSQQTQPPQKHYGITSPISLAAPKETDCLLTQKLVETLKPFGVFEEEEELQRRILILGKLNNLVKEWIREISESKNLPQSVIENVGGKIFTFGSYRLGVHTKGADIDALCVAPRHVDRSDFFTSFYDKLKLQEEVKDLRAVEEAFVPVIKLCFDGIEIDILFARLALQTIPEDLDLRDDSLLKNLDIRCIRSLNGCRVTDEILHLVPNIDNFRLTLRAIKLWAKRHNIYSNILGFLGGVSWAMLVARTCQLYPNAIASTLVHKFFLVFSKWEWPNPVLLKQPEECNLNLPVWDPRVNPSDRYHLMPIITPRYPQQNSTYNVSVSTRMVMVEEFKQGLAITDEILLSKAEWSKLFEAPNFFQKYKHYIVLLASAPTEKQRLEWVGLVESKIRILVGSLEKNEFITLAHVNPQSFPAPKENPDKEEFRTMWVIGLVFKKTENSENLSVDLTYDIQSFTDTVYRQAINSKMFEVDMKIAAMHVKRKQLHQLLPSHVLQKKKKHSTEGVKLTPLNDSSLDLSMDSDNSMSVPSPTSAMKTSPLNSSGSSQGRNSPAPAVTAASVTNIQATEVSLPQINSSESSGGTSSESIPQTATQPAISSPPKPTVSRVVSSTRLVNPPPRPSGNAAAKIPNPIVGVKRTSSPHKEESPKKTKTEEDETSEDANCLALSGHDKTETKEQLDTETSTTQSETIQTATSLLASQKTSSTDLSDIPALPANPIPVIKNSIKLRLNR,-3.292429824
59,2.5.1.91,mutant,Gluconobacter oxydans,geranylgeranyl diphosphate,9e-05,7.5,37,mM,CC(=CCCC(=CCCC(=CCCC(=CCOP(=O)(O)OP(=O)(O)O)C)C)C)C,MLACNRAIIARMESPVPLIPQLGAHLVAAGGKRLRPLLTLASARLCGYQPGPDHQRHVGLAACVEFIHTVTLLHDDVVDESTLRRGLASANAVFGNKASVLVGDFLFARSFQLMTADGSLKVMAILSDASATIAEGEVLQMVVQNDLTTPVERYLEVIHGKTAALFAAACRVGAVVAERPEAEEEALERFGTNLGMAFQLVDDALDYAADQQVLGKTVGDDMREGKITLPVLAAYEAGSPEDRIFWERVIGEGEQTEDDLPHALNLIAKTGAINTTIARAQVYADAAVEALSIFPDSELRRLLIETVQFTVNRAR,-4.045757491
60,5.3.1.9,mutant,Geobacillus stearothermophilus,D-Glucose 6-phosphate,0.14,7.0,30,mM,C(C(C(C(C(C=O)O)O)O)O)OP(=O)(O)O,MTHIRFDYSKALSFFGEHELTYLRDAVKVAHHSLHEKTGVGNDFLGWLDLPVNYDKEEFARIQKAAAKIQADSDVLLVIGIGGSYLGARAAIEMLHHSFYNALPKEKRNTPQIIFVGNNISSTYMKEVMDLLEGKDFSINVISKSGTTTEPAIAFRIFRKLLEEKYGKEEARKRIYATTDRARGALKTLATAEGYETFIIPDDVGGRYSVLTAVGLLPIAVSGANIEEMMKGAAQAREDFSSSELEENAAYQYAAIRNILYNKGKTIELLINYEPALQYFAEWWKQLFGESEGKDQKGIFPASANFSTDLHSLGQYIQEGRRDLFETVLKVEKPRHDLVIEAEENDLDGLNYLAGKTVDFVNTKAFEGTLLAHTDGGVPNLVITLPELNEYTFGYLVYFFEKACAMSGYLLGVNPFDQPGVEAYVVNMFALLGKPGYEEKKAELEKRLK,-0.853871964
61,2.1.2.1,mutant,Bombyx mori,tetrahydrofolate,0.0031,3.0,30,mM,C1C(NC2=C(N1)N=C(NC2=O)N)CNC3=CC=C(C=C3)C(=O)NC(CCC(=O)O)C(=O)O,MSAKLLNSNLWEADPELFDIIVKEKDRQRAGLEMIASENFTSVPVLQCLSSCLHNKYSEGMPNQRYYGGNEYIDEIEILAQNRSLEAYRLKSEEWGVNVQPYSGSPANFAVYTGIVEPAGRIMGLDLPDGGHLTHGFFTATKKISATSIFFESMPYKVDPKSGLIDYDKLAETAKLFKPRLIIAGMSCYSRCLDYKRFREIADANGAYLMADMAHVSGLVAAGVIPSPFEYCDIVTTTTHKTLRGPRAGVIFFRKGVRSVKANGQKVMYDLESKINQAVFPGLQGGPHNHAIAAIATAMKQATTTEFVEYQKQVIKNAQRLCEGLISRGYSIATGGTDVHLALVDLRGVGLRGAPAERVLELCSVACNKNTVPGDISALNPSGIRLGTPALTTRGLKEADIDKVVDFIDRALKIGLEIIKVSGLKLVDFNKAIEENAEFKKKIENLKEEVENYSKSFPLPGFDKY,-2.508638306
62,4.1.1.76,mutant,Bordetella bronchiseptica,alpha-methyl-alpha-(alpha-thienyl)malonate,1.01,8.5,37,mM,CC(C1=CC=CS1)(C(=O)O)C(=O)O,MQQASTPTIGMIVPPAAGLVPADGARLYPDLPFIASGLGLGSVTPEGYDAVIESVVDHARRLQKQGAAVVCLMGTSLSFYRGAAFNAALTVAMREATGLPCTTMSTAVLNGLRALGVRRVALATAYIDDVNERLAAFLAEESLVPTGCRSLGITGVEAMARVDTATLVDLCVRAFEAAPDSDGILLSSGGLLTLDAIPEVERRLGVPVVSSSPAGFWDAVRLAGGGAKARPGYGRLFDES,0.004321374
63,1.1.1.213,mutant,Rattus norvegicus,3alpha-Hydroxy-5alpha-pregnan-20-one,0.00605,7.0,37,mM,CC(=O)C1CCC2C1(CCC3C2CCC4C3(CCC(C4)O)C)C,MDSISLRVALNDGNFIPVLGFGTTVPEKVAKDEVIKATKIAIDNGFRHFDSAYLYEVEEEVGQAIRSKIEDGTVKREDIFYTSKLWSTFHRPELVRTCLEKTLKSTQLDYVDLYIIHFPMALQPGDIFFPRDEHGKLLFETVDICDTWEAMEKCKDAGLAKSIGVSNFNCRQLERILNKPGLKYKPVCNQVECHLYLNQSKMLDYCKSKDIILVSYCTLGSSRDKTAVDQKSPVLLDDPVLCAIAKKYKQTPALVALRYQLQRGVVPLIRSFNAKRIKELTQVFEFQLASEDMKALDGLNRNFRYNNAKYFDDHPNHPFTDE,-2.218244625
64,4.1.3.32,mutant,Aspergillus niger,"(2R,3S)-dimethylmalate",0.036,7.5,25,mM,CC(C(=O)O)C(C)(C(=O)O)O,MPMVTAATSLRRALENPDSFIVAPGVYDGLSARVALSAGFDALYMTGAGTAASVHGQADLGICTLNDMRANAEMISNISPSTPVIADADTGYGGPIMVARTTEQYSRSGVAAFHIEDQVQTKRAGHLAGKILVDTDTYVTRIRAAVQARQRIGSDIVVIARTDSLQTHGYEESVARLRAARDAGADVGFLEGITSREMARQVIQDLAGWPLLLNMVEHGATPSISAAEAKEMGFRIIIFPFAALGPAVAAMREAMEKLKRDGIPGLDKEMTPQMLFRVCGLDESMKVDAQAGGAAFDGGVDLK,-1.443697499
65,3.4.22.59,mutant,Homo sapiens,N-acetyl-Val-Glu-Ile-Asp-7-amido-4-methylcoumarin,0.03063,7.5,37,mM,CCC(C)C(C(=O)NC(CC(=O)O)C(=O)NC1=CC2=C(C=C1)C(=CC(=O)O2)C)NC(=O)C(CCC(=O)O)NC(=O)C(C(C)C)NC(=O)C,MSSASGLRRGHPAGGEENMTETDAFYKREMFDPAEKYKMDHAAAGIALIFNHERFFWHLTLPERRGTCADRDNLTRRFSDLGFEVKCFNDLKAEELLLKIHEVSTVSHADADCFVCVFLSHGEGNHIYAYDAKIEIQTLTGLFKGDKCHSLVGKPKIFIIQACRGNQHDVPVIPLDVVDNQTEKLDTNITEVDAASVYTLPAGADFLMCYSVAEGYYSHRETVNGSWYIQDLCEMLGKYGSSLEFTELLTLVNRKVSQRRVDFCKDPSAIGKKQVPCFASMLTKKLHFFPKSN,-1.513853003
66,2.4.1.64,mutant,Thermoanaerobacter brockii,D-glucose,0.6,6.0,60,mM,C(C1C(C(C(C(O1)O)O)O)O)O,MANKTKKPIYPFEDWVIRETQFSIDTNYRNETIFTLANGYIGMRGTFEERYSGPKNTSFNGTYINGFYEIHDIVYPEGGYGFAKIGQTMLNVADSKIIKLYVDGEEFDLLQGKILFYERVLDMKKGFVERKVKWESPTGKILEVKIKRIVSLNRQHLAAISFTMQPVNFTGKIRFVSAIDGNVSNINDSEDVRVGSNLKGKVLKTIDKSVEGLKGWIVQKTQKSNFSYACAIDNVLVADSKYEVSNSLEEDGVKVIVDLEAEKGTSYTLNKFISYYTSKDFDENKLVALALEEIEKAKNDGFETIEKEQEEFLNSFWKDADVIIEGDKALQQGIRFNEFHLLQSVGRDGKTNIAAKGLTGGGYEGHYFWDSDIYIMPFFLYTKPEIAKALVMYRYNLLDAARSRAKELGHKGALYPWRTIDGPECSAYFPAGTAQYHINVDIVYALKRYVEATNDVDFLYDYGCEILFETARFWEDLGAYIPLKGNKFCINCVTGPDEYTALVDNNAYTNYMAKMNLEYAYDIANKMKKEVPQKYQKVASKLNLKDEEIVAWKKAADNMYLPYSKELDIIPQDDSFLYKERITVDEIPEDQFPLLLHWHYLNIYRYQICKQPDVLLLMFLQREKFTKDELKKNYDYYEPITTHDSSLSPAIFSILAYEIGYTDKAYKYFMMTARMDLDDYNDNVKDGIHAASMAGTWSAVVNGFGGMRVYTNELHFEPRLPKEWNLLSFNVRYKGRKINVKLTKENVVFALLEGEPIEIYYFDKKILLEKGEIK,-0.22184875
67,6.1.1.19,mutant,Cricetulus griseus,ATP,0.046,7.5,25,mM,C1=NC(=C2C(=N1)N(C=N2)C3C(C(C(O3)COP(=O)(O)OP(=O)(O)OP(=O)(O)O)O)O)N,MDGLVAQCSARLLQQEKEIKSLTAEIDRLKNCGHLEDSPSLDQLREENLKLKYRLNILQRSLQAEKRRRPTKNMININSRLQDVFGCAIKAAYPDLDNPPLVVTPSQQPKFGDYQCNSAMGISQMLKAKEQKVNPRGIAENITKHLPNNEYIDRVEIAGPGFINVHLRKDFVSEQLTNLLVNGIQLPALGENKKVIVDFSSPNIAKEMHVGHLRSTIIGESMSRLFEFAGYDVLRLNHVGDWGTQFGMLIAHLQDQFPDYLTVSPPIGDLQAFYKESKKRFDTEEEFKKRAYQCVVSLQSKDPDFIKAWNLICDVSRAEFNKIYDALDITLIERGESFYQDRMKDIVKEFEDKGYVQVDDGRKIVFVPGCSIPLTIVKSDGGFTYDTSDLAAIKQRLFEEKANKIIYVVDNGQAVHFQTIFAAAQMIGWYDPKVTQVTHVGFGVVLGEDKKKFKTRSGETVRLVDLLGEGLKRSMDKLKEKERDKVLTEEELTAAQTSIAYGCIKSADLSHNRLNDYIFSFDKMLDDRGNTAAYLLYAFTRIRSIARLANVDEEMLQKAARETKIVLDHEKEWKLGRCILRFPEILQKMLDDLFLHTLCDYIYELATTFTEFYDSCYCVEKDRQTGKVLKVNMWRMLLCEAVAAVMAKGFDILGIKPVQRM,-1.337242168
68,1.4.3.12,mutant,Microbacterium oxydans,"2-methyl-1,2,3,4-tetrahydroquinoline",0.36,6.5,30,mM,CC1CCC2=CC=CC=C2N1,MCRSRQAARSKREESALTHLNTYESVTPDPDVDVIIIGAGISGSAAAKALHDQGASVLVVEANDRIGGRTWTEQEGAPGGPIDYGGMFIGETHTHLIELGTSLGLEMTPSGKPGDDTYIVAGNVLRAPDDQLDPNLPFVPEFLSSLKALDELADSVGWDQPWASPNAAALDSKTVATWLAETIESEEVRRLHTVIVNFSLGADPYEVSLLYWAYYVSECEGIQSLMGTRDGAQWAWWFGGAAQVSWRIADAIGRDKFLLEWPVDRIEHDESGVTLFSGQRSLRARHIVIAMSPLAANQIRFEPALPTSRAQLQARAPMGRYYKVQARYPSSFWVEQGYSGALLDTEDVGVFLLDGTKPTDTLATLIGFIGGSNYDRWAAHTPQERERAFLDLLVKAFGPQAADPSYFHETDWTQQEWAKGGPVTYMPPGVLANFGAALRDPVGKVHFAGTEASFQWSGYMEGGVRAGQKAAAAIAEELERTANKGALV,-0.443697499
69,3.2.1.21,mutant,Homo sapiens,p-Nitrophenyl-beta-L-arabinopyranoside,0.18,6.5,37,mM,C1C(C(C(C(O1)OC2=CC=C(C=C2)[N+](=O)[O-])O)O)O,MAFPAGFGWAAATAAYQVEGGWDADGKGPCVWDTFTHQGGERVFKNQTGDVACGSYTLWEEDLKCIKQLGLTHYRFSLSWSRLLPDGTTGFINQKGIDYYNKIIDDLLKNGVTPIVTLYHFDLPQTLEDQGGWLSEAIIESFDKYAQFCFSTFGDRVKQWITINEANYLSVMSYDLGMFPPGIPHFGTGGYQAAHNLIKAHARSWHSYDSLFRKKQKGMVSLSLFAVWLEPADPNSVSDQEAAKRAITFHLDLFAKPIFIDGDYPEVVKSQIASMSQKQGYPSSRLPEFTEEEKKMIKGTADFFAVQYYTTRLIKYQENKKGELGILQDAEIEFFPDPSWKNVDWIYVVPWGVCKLLKYIKDTYNNPVIYITENGFPQSDPAPLDDTQRWEYFRQTFQELFKAIQLDKVNLQVYCAWSLLDNFEWNQGYSSRFGLFHVDFEDPARPRVPYTSAKEYAKIIRNNGLEAHL,-0.744727495
70,1.13.11.46,mutant,Amycolatopsis orientalis,4-hydroxyphenylpyruvate,0.0143,7.0,25,mM,C1=CC(=CC=C1CC(=O)C(=O)O)O,MQNFEIDYVEMYVENLEVAAFSWVDKYAFAVAGTSRSADHRSIALRQGQVTLVLTEPTSDRHPAAAYLQTHGDGVADIAMATSDVAAAYEAAVRAGAEAVRAPGQHSEAAVTTATIGGFGDVVHTLIQRDGTSAELPPGFTGSMDVTNHGKGDVDLLGIDHFAICLNAGDLGPTVEYYERALGFRQIFDEHIVVGAQAMNSTVVQSASGAVTLTLNEPDRNADPGQIDEFLKDHQGAGVQHIAFNSNDAVRAVKALSERGVEFLKTPGAYYDLLGERITLQTHSLDDLRATNVLADEDHGGQLFQIFTASTHPRHTIFFEVIERQGAGTFGSSNIKALYEAVELERTGQSEFGAARR,-1.844663963
71,1.1.1.B51,mutant,Rhodotorula mucilaginosa,3-quinuclidinone,0.168,7.0,30,mM,C1CN2CCC1C(=O)C2,MSSPSDGPFPKATPQLPNSVFDMFSMKGKVTAITGGGGGIGFAAAEAIAEAGGDVALLYRSAPNMEERSAELAKRFGVKVKSYQCEVTEHESVKQAIEAVEKDFGRLDCYIANAGGGVPGSINPDYPLEAWHKTQSVNLHSTFYAARECARIFKAQGSGSFIATTSIAARIVNVPYDQPAYNSSKAAVVHFCRSLARDWRNFARVNTISPGFFDTPMGPSDKAVEDVLYQKSVLGRAGDVKELKAAYLYLASNASTYTTGADLLIDGGYCLT,-0.774690718
72,2.5.1.18,mutant,Drosophila melanogaster,Reduced glutathione,10.7,6.5,25,mM,C(CC(=O)NC(CS)C(=O)NCC(=O)O)C(C(=O)O)N,MSKPIRFYYDLLSPIARGLWIGLKFSNSPVEYCPIALRKFEQLTDEYKKINRFQKVPAIVDGDFHLSETIAIIRYLADKGQFDEKLYPKTLEDRARVDEFLEWQHLNIRLACSMYFRDAWLFPMNGIAPKPKPEQIQALIEGVENNLGLLERLWLENDFLVGKNLTMADILGSSEINQLRLCQYRVDEKKFPKMVKWLERVRVSANPYHDEGLTFIDRKSKQSTAAKL,1.029383778
73,1.1.1.38,mutant,Homo sapiens,L-Malate,2.19,7.4,30,mM,C(C(C(=O)O)O)C(=O)O,MLSRLRVVSTTCTLACRHLHIKEKGKPLMLNPRTNKGMAFTLQERQMLGLQGLLPPKIETQDIQALRFHRNLKKMTSPLEKYIYIMGIQERNEKLFYRILQDDIESLMPIVYTPTVGLACSQYGHIFRRPKGLFISISDRGHVRSIVDNWPENHVKAVVVTDGERILGLGDLGVYGMGIPVGKLCLYTACAGIRPDRCLPVCIDVGTDNIALLKDPFYMGLYQKRDRTQQYDDLIDEFMKAITDRYGRNTLIQFEDFGNHNAFRFLRKYREKYCTFNDDIQGTAAVALAGLLAAQKVISKPISEHKILFLGAGAAALGIANLIVMSMVENGLSEQEAQKKIWMFDKYGLLVKGRKAKIDSYQEPFTHSAPESIPDTFEDAVNILKPSTIIGVAGAGRLFTPDVIRAMASINERPVIFALSNPTAQAECTAEEAYTLTEGRCLFASGSPFGPVKLTDGRVFTPGQGNNVYIFPGVALAVILCNTRHISDSVFLEAAKALTSQLTDEELAQGRLYPPLANIQEVSINIAIKVTEYLYANKMAFRYPEPEDKAKYVKERTWRSEYDSLLPDVYEWPESASSPPVITE,0.340444115
74,1.10.3.2,mutant,Streptomyces sviceus,Syringaldazine,0.0037,8.0,25,mM,COC1=CC(=CC(=C1O)OC)C=NN=CC2=CC(=C(C(=C2)OC)O)OC,MGALDRRGFNRRVLLGGAAVATSLSLAPEARSDAGPAQAAPGGEVRRIKLYAERLADGQMGYGLEKGRATIPGPLIELNEGDTLHIEFENTMDVRASLHVHGLDYEVSSDGTTLNKSDVEPGGTRTYTWRTHAPGRRSDGTWRAGSAGYWHYHDHVVGTEHGTGGIRKGLYGPVIVRRKGDVLPDATHTIVFNDALINNRPAHSGPNFEATVGDRVEFVMITHGEYYHTFHMHGHRWADNRTGMLTGPDDPSQVVDNKIVGPADSFGFQVIAGEGVGAGAWMYHCHVQSHSDGGLVGLFLVKKTDGTIPGYEPHEHSGQRAEHHH,-2.431798276
75,4.3.1.24,mutant,Rhodobacter sphaeroides,L-Phenylalanine,0.7892,9.0,37,mM,C1=CC=C(C=C1)CC(C(=O)O)N,MLAMSPPKPAVELDRHIDLDQAHAVASGGARIVLAPPARDRCRASEARLGAVIREARHVYGLTTGFGPLANRLISGENVRTLQANLVHQLASGVGPVLDWTTARAMVLARLVSIAQGASGASEGTIARLIDLLNSELAPAVPSRGTVGASGDLTPLAHMVLCLQGRGDFLDRDGTRLDGAEGLRRGRLQPLDLSHRDALALVNGTSAMTGIALVNAHACRHLGNWAVALTALLAECLRGRTEAWAAALSDLRPHPGQKDAAARLRARVDGSARVVRHVIAERRLDAGDIGTEPEAGQDAYSLRCAPQVLGAGFDTLAWHDRVLTIELNAVTDNPVFPPDGSVPALHGGNFMGQHVALTSDALATAVTVLAGLAERQIARLTDERLNRGLPPFLHRGPAGLNSGFMGAQVTATALLAEMRATGPASIHSISTNAANQDVVSLGTIAARLCREKIDRWAEILAILALCLAQAAELRCGSGLDGVSPAGKKLVQALREQFPPLETDRPLGQEIAALATHLLQQSPV,-0.102812923
76,2.7.1.28,mutant,Homo sapiens,D-glyceraldehyde,0.0071,7.5,37,mM,C(C(C=O)O)O,MTSKKLVNSVAGCADDALAGLVACNPNLQLLQGHRVALRSDLDSLKGRVALLSGGGSGHEPAHAGFIGKGMLTGVIAGAVFTSPAVGSILAAIRAVAQAGTVGTLLIVKNYTGDRLNFGLAREQARAEGIPVEMVVIGDDSAFTVLKKAGRRGLCGTVLIHKVAGALAEAGVGLEEIAKQVNVVAKAMGTLGVSLSSCSVPGSKPTFELSADEVELGLGIHGEAGVRRIKMATADEIVKLMLDHMTNTTNASHVPVQPGSSVVMMVNNLGGLSFLELGIIADATVRSLEGRGVKIARALVGTFMSALEMPGISLTLLLVDEPLLKLIDAETTAAAWPNVAAVSITGRKRSRVAPAEPQEAPDSTAAGGSASKRMALVLERVCSTLLGLEEHLNALDRAAGDGDCGTTHSRAARAIQEWLKEGPPPASPAQLLSKLSVLLLEKMGGASGALYGLFLTAAAQPLKAKTSLPAWSAAMDAGLEAMQKYGKAAPGDRTMLDSLWAAGQELQAWKSPGADLLQVLTKAVKSAEAAAEATKNMEAGAGRASYISSARLEQPDPGAVAAAAILRAILEVLQS,-2.148741651
77,1.1.3.38,mutant,Penicillium simplicissimum,2-Methyl-p-cresol,0.006,7.5,25,mM,CC1=CC(=C(C=C1)O)C,MSKTQEFRPLTLPPKLSLSDFNEFIQDIIRIVGSENVEVISSKDQIVDGSYMKPTHTHDPHHVMDQDYFLASAIVAPRNVADVQSIVGLANKFSFPLWPISIGRNSGYGGAAPRVSGSVVLDMGKNMNRVLEVNVEGAYCVVEPGVTYHDLHNYLEANNLRDKLWLDVPDLGGGSVLGNAVERGVGYTPYGDHWMMHSGMEVVLANGELLRTGMGALPDPKRPETMGLKPEDQPWSKIAHLFPYGFGPYIDGLFSQSNMGIVTKIGIWLMPNPRGYQSYLITLPKDGDLKQAVDIIRPLRLGMALQNVPTIRHILLDAAVLGDKRSYSSRTEPLSDEELDKIAKQLNLGRWNFYGALYGPEPIRRVLWETIKDAFSAIPGVKFYFPEDTPENSVLRVRDKTMQGIPTYDELKWIDWLPNGAHLFFSPIAKVSGEDAMMQYAVTKKRCQEAGLDYIGTFTVGMREMHHIVCIVFNKKDLIQKRKVQWLMRTLIDDCAANGWGEYRTHLAFMDQIMETYNWNNSSFLRFNEVLKNAVDPNGIIAPGKSGVWPSQYSHVTWKL,-2.22184875
78,3.1.1.11,mutant,Dickeya chrysanthemi,Pectin,0.06,7.0,30,mM,C1(C(C(OC(C1O)O)C(=O)O)O)O,MLKTISGTLALSLIIAASVHQAQAATTYNAVVSKSSSDGKTFKTIADAIASAPAGSTPFVILIKNGVYNERLTITRNNLLLKGESRNGAVIAAATAAGTLKSDGSKWGTAGSSTITISAKDFSAQSLTIRNDFDFPANQAKSDSDSSKIKDTQAVALYVTKSGDRAYFKDVSLVGYQDTLYVSGGRSFFSDCRISGTADFIFGDGTALFNNCDLVSRYRADVKSGNVSGYLTAPSTNINQKYGLVITNSRVIRESDSVPAKSYGLGRPWHPTTTFSDGRYADPNAIGQTVFLNTSMDNHIYGWDKMSGKDKNGNTIWFNPEDSRFFEYKSYGAGAAVSKDRRQLTDAQAAEYTQSKVLGDWTPTLP,-1.22184875
79,1.1.3.10,mutant,Trametes ochracea,D-glucose,0.042,6.5,30,mM,C(C1C(C(C(C(O1)O)O)O)O)O,MSTSSSDPFFNFAKSSFRSAAAQKASASSLPPLPGPDKKVPGMDIKYDVVIVGSGPIGCTYARELVGAGYKVAMFDIGEIDSGLKIGAHKKNTVEYQKNIDKFVNVIQGQLMSVSVPVNTLVVDTLSPTSWQASTFFVRNGSNPEQDPLRNLSGQAVTRVVGGMSTHWTCATPRFDREQRPLLVKDDADADDAEWDRLYTKAESYFQTGTDQFKESIRHNLVLNKLTEEYKGQRDFQQIPLAATRRSPTFVEWSSANTVFDLQNRPNTDAPEERFNLFPAVACERVVRNALNSEIESLHIHDLISGDRFEIKADVYVLTAGAVHNTQLLVNSGFGQLGRPNPANPPELLPSLGSYITEQSLVFCQTVMSTELIDSVKSDMTIRGTPGELTYSVTYTPGASTNKHPDWWNEKVKNHMMQHQEDPLPIPFEDPEPQVTTLFQPSHPWHTQIHRDAFSYGAVQQSIDSRLIVDWRFFGRTEPKEENKLWFSDKITDAYNMPQPTFDFRFPAGRTSKEAEDMMTDMCVMSAKIGGFLPGSLPQFMEPGCVLHLGGTHRMGFDEKEDNCCVNTDSRVFGFKNLFLGGCGNIPTAYGANPTLTAMSLAIKSCEYIKQNFTPSPFTSEAQ,-1.37675071
80,2.7.2.4,mutant,Arabidopsis thaliana,ATP,1.2,8.0,37,mM,C1=NC(=C2C(=N1)N(C=N2)C3C(C(C(O3)COP(=O)(O)OP(=O)(O)OP(=O)(O)O)O)O)N,MATLKPSFTVSPPNSNPIRFGSFPPQCFLRVPKPRRLILPRFRKTTGGGGGLIRCELPDFHLSATATTVSGVSTVNLVDQVQIPKGEMWSVHKFGGTCVGNSQRIRNVAEVIINDNSERKLVVVSAMSKVTDMMYDLIRKAQSRDDSYLSALEAVLEKHRLTARDLLDGDDLASFLSHLHNDISNLKAMLRAIYIAGHASESFSDFVAGHGELWSAQMLSYVVRKTGLECKWMDTRDVLIVNPTSSNQVDPDFGESEKRLDKWFSLNPSKIIIATGFIASTPQNIPTTLKRDGSDFSAAIMGALLRARQVTIWTDVDGVYSADPRKVNEAVILQTLSYQEAWEMSYFGANVLHPRTIIPVMRYNIPIVIRNIFNLSAPGTIICQPPEDDYDLKLTTPVKGFATIDNLALINVEGTGMAGVPGTASDIFGCVKDVGANVIMISAASSEHSVCFAVPEKEVNAVSEALRSRFSEALQAGRLSQIEVIPNCSILAAVGQKMASTPGVSCTLFSALAKANINVRAISQGCSEYNVTVVIKREDSVKALRAVHSRFFLSRTTLAMGIVGPGLIGATLLDQLRDQAAVLKQEFNIDLRVLGITGSKKMLLSDIGIDLSRWRELLNEKGTEADLDKFTQQVHGNHFIPNSVVVDCTADSAIASRYYDWLRKGIHVITPNKKANSGPLDQYLKLRDLQRKSYTHYFYEATVGAGLPIISTLRGLLETGDKILRIEGICSGTLSYLFNNFVGDRSFSEVVTEAKNAGFTEPDPRDDLSGTDVARKVIILARESGLKLDLADLPIRSLVPEPLKGCTSVEEFMEKLPQYDGDLAKERLDAENSGEVLRYVGVVDAVNQKGTVELRRYKKEHPFAQLAGSDNIIAFTTTRYKDHPLIVRGPGAGAQVTAGGIFSDILRLASYLGAPS,0.079181246
81,1.1.3.38,mutant,Penicillium simplicissimum,4-(Methoxymethyl)phenol,0.02,10.0,25,mM,COCC1=CC=C(C=C1)O,MSKTQEFRPLTLPPKLSLSDFNEFIQDIIRIVGSENVEVISSKDQIVDGSYMKPTHTHDPHHVMDQDYFLASAIVAPRNVADVQSIVGLANKFSFPLWPISIGRNSGYGGAAPRVSGSVVLDMGKNMNRVLEVNVEGAYCVVEPGVTYHDLHNYLEANNLRDKLWLDVPDLGGGSVLGNAVERGVGYTPYGDHWMMHSGMEVVLANGELLRTGMGALPDPKRPETMGLKPEDQPWSKTAHLFPYGFGPYIDGLFSQSNMGIVTKIGIWLMPNPRGYQSYLITLPKDGDLKQAVDIIRPLRLGMALQNVPTIRHILLDAAVLGDKRSYSSRTEPLSDEELDKIAKQLNLGRWNFYGALYGPEPIRRVLWETIKDAFSAIPGVKFYFPEDTPENSVLRVRDKTMQGIPTYDELKWIDWLPNGAHLFFSPIAKVSGEDAMMQYAVTKKRCQEAGLDFIGTFTVGMREMHHIVCIVFNKKDLIQKRKVQWLMRTLIDDCAANGWGEYRTHLAFMDQIMETYNWNNSSFLRFNEVLKNAVDPNGIIAPGKSGVWPSQYSHVTWKL,-1.698970004
82,4.2.3.9,mutant,Penicillium roqueforti,"trans,trans-Farnesyl diphosphate",1.2e-05,8.0,30,mM,CC(=CCCC(=CCCC(=CCOP(=O)(O)OP(=O)(O)O)C)C)C,MATSTETISSLAQPFVHLENPINSPLVKETIRPRNDTTITPPPTQWSYLCHPRVKEVQDEVDGYFLENWKFPSFKAVRTFLDAKFSEVTCLFFPLALDDRIHFACRLLTVLFLIDDVLEHMSFADGEAYNNRLIPISRGDVLPDRTKPEEFILYDLWESMRAHDAELANEVLEPTFVFMRAQTDRARLSIHELGHYLEYREKDVGKALLSALMRFSMGLRLSADELQDMKALEANCAKQLSVVNDIYSYDKEEEASRTGHKEGAFLCSAVKVLAEESKLGIPATKRVLWSMTREWETVHDEIVAEKIASPDGCSEAAKAYMKGLEYQMSGNEQWSKTTRRYN,-4.920818754
83,2.7.1.1,mutant,Rattus norvegicus,D-Glucose,0.037,8.5,25,mM,C(C1C(C(C(C(O1)O)O)O)O)O,MIAAQLLAYYFTELKDDQVKKIDKYLYAMRLSDEILIDILTRFKKEMKNGLSRDYNPTASVKMLPTFVRSIPDGSEKGDFIALKLGGSSFRILRVQVNHEKNQNVSMESEIYDTPENIVHGSGTQLFDHVADCLGDFMEKKKIKDKKLPVGFTFSFPCRQSKIDEAVLITWTKRFKASGVEGADVVKLLNKAIKKRGDYDANIVAVVNDTVGTMMTCGYDDQQCEVGLIIGTGTNACYMEELRHIDLVEGDEGRMCINTEWGAFGDDGSLEDIRTEFDRELDRGSLNPGKQLFEKMVSGMYMGELVRLILVKMAKEGLLFEGRITPELLTRGKFNTSDVSAIEKDKEGIQNAKEILTRLGVEPSDVDCVSVQHICTIVSFRSANLVAATLGAILNRLRDNKGTPRLRTTVGVDGSLYKMHPQYSRRFHKTLRRLVPDSDVRFLLSESGTGKGAAMVTAVAYRLAEQHRQIEETLAHFRLSKQTLMEVKKRLRTEMEMGLRKETNSKATVKMLPSFVRSIPDGTEHGDFLALDLGGTNFRVLLVKIRSGKKRTVEMHNKIYSIPLEIMQGTGDELFDHIVSCISDFLDYMGIKGPRMPLGFTFSFPCHQTNLDCGILISWTKGFKATDCEGHDVASLLRDAVKRREEFDLDVVAVVNDTVGTMMTCAYEEPTCEIGLIVGTGTNACYMEEMKNVEMVEGNQGQMCINMEWGAFGDNGCLDDIRTDFDKVVDEYSLNSGKQRFEKMISGMYLGEIVRNILIDFTKKGFLFRGQISEPLKTRGIFETKFLSQIESDRLALLQVRAILQQLGLNSTCDDSILVKTVCGVVSKRAAQLCGAGMAAVVEKIRENRGLDHLNVTVGVDGTLYKLHPHFSRIMHQTVKELSPKCTVSFLLSEDGSGKGAALITAVGVRLRGDPSIA,-1.431798276
84,1.1.99.31,mutant,Pseudomonas putida,3-indolelactate,0.17,7.5,20,mM,C1=CC=C2C(=C1)C(=CN2)CC(C(=O)O)O,MSQNLFNVEDYRKLRQKRLPKMVYDYLEGGAEDEYGVKHNRDVFQQWRFKPKRLVDVSRRSLQAEVLGKRQSMPLLIGPTALNGALWPKGDLALARAATKAGIPFVLSTASNMSIEDLARQCDGDLWFQLYVIHREIAQGMVLKALHTGYTTLVLTTDVAVNGYRERDLHNRFKIPMSYSAKVVLDGCLHPRWSLDFVRHGMPQLANFVSSQTSSLEMQAALMSRQMDASFNWEALRWLRDLWPHKLLVKGLLSAEDADRCIAEGADGVILSNHGGRQLDCAISPMEVLAQSVAKTGKPVLIDSGFRRGSDIVKALALGAEAVLLGRATLYGLAARGETGVDEVLTLLKADIDRTLAQIGCPDITSLSPDYLQNEGVTNTAPVDHLIGKGTHA,-0.769551079
85,1.1.1.282,mutant,Escherichia coli,Quinate,0.0054,9.0,20,mM,C1C(C(C(CC1(C(=O)[O-])O)O)O)O,MDVTAKYELIGLMAYPIRHSLSPEMQNKALEKAGLPFTFMAFEVDNDSFPGAIEGLKALKMRGTGVSMPNKQLACEYVDELTPAAKLVGAINTIVNDDGYLRGYNTDGTGHIRAIKESGFDIKGKTMVLLGAGGASTAIGAQGAIEGLKEIKLFNRRDEFFDKALAFAQRVNENTDCVVTVTDLADQQAFAEALASADILTNGTKVGMKPLENESLVNDISLLHPGLLVTECVYNPHMTKLLQQAQQAGCKTIDGYGMLLWQGAEQFTLWTGKDFPLEYVKQVMGFGA,-2.26760624
86,2.5.1.18,mutant,Drosophila melanogaster,"1-Chloro-2,4-dinitrobenzene",0.15,6.5,25,mM,C1=CC(=C(C=C1[N+](=O)[O-])[N+](=O)[O-])Cl,MVKLTLYGVNPSPPVRAVKLTLAALQLPYEFVNVNISGQEQLSEEYLKKNPEHTVPTLEDDGNYIWDSHAIIAYLVSKYADSDALYPRDLLQRAVVDQRLHFETGVVFANGIKAITKPLFFNGLNRIPKERYDAIVEIYDFVETFLAGHDYIAGDQLTIADFSLISSITSLVAFVEIDRLEYPRIIEWVRRLEKLPYYEEANAKGARELETILKSTNFTFAT,-0.823908741
87,4.1.2.17,mutant,Escherichia coli,L-Fuculose 1-phosphate,0.5,7.5,37,mM,CC(C(C(C(=O)COP(=O)(O)O)O)O)O,MERNKLARQIIDTCLEMTRLGLNQGTAGNVSVRYQDGMLITPTGIPYEKLTESHIVFIDGNGKHEEGKLPSSEWRFHMAAYQSRPDANAVVHNHAVHCTAVSILNRSIPAIHFMIAAAGGNSIPCAPYATFGTRELSEHVALALKNRKATLLQHHGLIACEVNLEKALWLAHEVEVLAQLYLTTLAITDPVPVLSDEEIAVVLEKFKTYGLRIEE,-0.301029996
88,1.1.1.213,mutant,Rattus norvegicus,3alpha-Hydroxy-5alpha-pregnan-20-one,0.00451,7.0,37,mM,CC(=O)C1CCC2C1(CCC3C2CCC4C3(CCC(C4)O)C)C,MDSISLRVALNDGNFIPVLGFGTTVPEKVAKDEVIKATKIAIDNGFRHFDSAYLYEVEEEVGQAIRSKIEDGTVKREDIFYTSKLWSTFHRPELVRTCLEKTLKSTQLDYVDLYIIHFPMALQPGDIFAPRDEHGKLLFETVDICDTWEAMEKCKDAGLAKSIGVSNFNCRQLERILNKPGLKYKPVCNQVECHLYLNQSKMLDYCKSKDIILVSYCTLGSSRDKTWVDQKSPVLLDDPVLCAIAKKYKQTPALVALRYQLQRGVVPLIRSFNAKRIKELTQVFEFQLASEDMKALDGLNRNFRYNNAKYFDDHPNHPFTDE,-2.345823458
89,6.3.4.14,mutant,Escherichia coli,Hydrogencarbonate,0.05,8.0,25,mM,C(=O)(O)[O-],MLDKIVIANRGEIALRILRACKELGIKTVAVHSSADRDLKHVLLADETVCIGPAPSVKSYLNIPAIISAAEITGAVAIHPGYGFLSENANFAEQVERSGFIFIGPKAETIRLMGDKVSAIAAMKKAGVPCVPGSDGPLGDDMDKNRAIAKRIGYPVIIKASGGGGGRGMRVVRGDAELAQSISMTRAEAKAAFSNDMVYMEKYLENPRHVEIQVLADGQGNAIYLAERDCSMQRRHQKVVEEAPAPGITPELRRYIGERCAKACVDIGYRGAGTFEFLFENGEFYFIEMNTAIQVEHPVTEMITGVDLIKEQLRIAAGQPLSIKQEEVHVRGHAVECRINAEDPNTFLPSPGKITRFHAPGGFGVRWESHIYAGYTVPPYYDSMIGKLICYGENRDVAIARMKNALQELIIDGIKTNVDLQIRIMNDENFQHGGTNIHYLEKKLGLQEK,-1.301029996
90,3.5.2.6,mutant,Bacteroides fragilis,Imipenem,0.028,7.2,25,mM,CC(C1C2CC(=C(N2C1=O)C(=O)O)SCCN=CN)O,MKTVFILISMLFPVAVMAQKSVKISDDISITQLSDKVYTYVSLAEIEGWGMVPSNGMIVINNHQAALLDTPINDAQTEMLVNWVTDSLHAKVTTFIPNHWHGDRIGGLGYLQRKGVQSYANQMTIDLAKEKGLPVPEHGFTDSLTVSLDGMPLQCYYLGGGHATDNIVVWLPTENILFGGCMLKDNQATSIGNISDADVTAWPKTLDKVKAKFPSARYVVPGHGDYGGTELIEHTKQIVNQYIESTSKP,-1.552841969
91,2.4.1.350,mutant,Siraitia grosvenorii,UDP-alpha-D-glucose,0.1485,8.0,40,mM,C1=CN(C(=O)NC1=O)C2C(C(C(O2)COP(=O)(O)OP(=O)(O)OC3C(C(C(C(O3)CO)O)O)O)O)O,MEKGDTHILVFPFPAQGHINPLLQLSKHLIAKGIKVSLVTTLHVSNRMQLQGAYSNSVKIEVISDGSEDRLETDTLRQYLDRFRQKMTKNLEDFLQKAMVSSNPPKFIIYDSTMPWVLEVAKEFGLDRAPFYTQSCALNSINYHVLHGQLKLPPETPTISLPSMPLLRPSDLPAYDFDPASTDTIIDLLTSQYSNIQDANLLFCNTFDKLEGEIIQWMETLGRPVKTVGPTVPSAYLDKRVENDKHYGLSLFKPNEDVCLKWLDSKPSGSVLYVSYGSLVEMGEEQLKELALGIKETGKFFLWVVRDTEAEKLPPNFVESVAEKGLVVSWCSQLEVLAHPSVGCFFTHCGWNSTLEALCLGVPVVAFPQWADQVTNAKFLEDVWKVGKRVKRNEQRLASKEEVRSCIWEVMEGERASEFKSNSMEWKKWAKEAVDEGGSSDKNIEEFVAMLKQT,-0.828273546
92,4.1.1.48,mutant,Saccharolobus solfataricus,1-(2-carboxyphenylamino)-1-deoxy-D-ribulose 5-phosphate,1.3e-05,7.5,75,mM,C1=CC=C(C(=C1)C(=O)O)NCC(=O)C(C(COP(=O)(O)O)O)O,MPRYLKGWLKDVVQLSLRRPSFRASRQRPIISLNERILEFNKRNITAIIAQYKRKSPSGLDVERDPIEYSKFMERYAVGLSILTEEKYFNGSYETLRKIASSVSIPILMKDFIVKESQIDDAYNLGADTVLLIVKILTERELESLLEYARSYGMEPLIEINDENDLDIALRIGARFIGINSRDLETLEINKENQRKLISMIPSNVVKVAESGISERNEIEELRKLGVNAFLIGSSLMRNPEKIKEFIL,-4.886056648
93,1.4.3.12,mutant,Microbacterium oxydans,"2-methyl-1,2,3,4-tetrahydroquinoline",0.27,6.5,30,mM,CC1CCC2=CC=CC=C2N1,MCRSRQAARSKREESALTHLNTYESVTPDPDVDVIIIGAGISGSAAAKALHDQGASVLVVEANDRIGGRTWTEQEGAPGGPIDYGGMFIGETHTHLIELGTSLGLEMTPSGKPGDDTYIVAGNVLRAPDDQLDPNLPFVPEFLSSLKALDELADSVGWDQPWASPNAAALDSKTVATWLAETIESEEVRRLHTVIVNFSLGADPYEVSLLYWAYYVSECEGIQSLFGTRDGAQWAWWFGGAAQVSWRIADAIGRDKFLLEWPVDRIEHDESGVTLFSGQRSLRARHIVIAMSPLAANQIRFEPALPTSRAQLQARAPMGRYYKVQARYPSSFWVEQGYSGALLDTEDVGVFLLDGTKPTDTLATLIGFIGGSNYDRWAAHTPQERERAFLDLLVKAFGPQAADPSYFHETDWTQQEWAKGGPVTYMPPGVLANFGAALRDPVGKVHFAGTEASFQWSGYMEGGVRAGQKAAAAIAEELERTANKGALV,-0.568636236
94,3.1.2.12,mutant,Saccharomyces cerevisiae,4-nitrophenyl butyrate,0.012,7.4,22,mM,CCCC(=O)OC1=CC=C(C=C1)[N+](=O)[O-],MKVVKEFSVCGGRLIKLSHNSNSTKTSMNVNIYLPKHYYAQDFPRNKRIPTVFYLSGLTQTPDNASEKAFWQFQADKYGFAIVFPDTSPRGDEVANDPEGSWDFGQGAGFYLNATQEPYAQHYQMYDYIHKELPQTLDSHFNKNGDVKLDFLDNVAITGHSMGGYGAICGYLKGYSGKRYKSCSAFAPIVNPSNVPIGQKAFKGYLGEEKAQWEAYDPCLLIKNIRHVGDDRILIHVGDSDPFLEEHLKPELLLEAVKATSWQDYVEIKKVHGFDHSYYFVSTFVPEHAEFHARNLGLI,-1.920818754
95,2.7.1.55,mutant,Escherichia coli,D-Allose,0.2,7.6,25,mM,C(C1C(C(C(C(O1)O)O)O)O)O,MQKQHNVVAGVDMGATHIRFCLRTAEGETLHCEKKRTAEVIAPGLVSGIGEMIDEQLRRFNARCHGLVMGFPGLVSKDKRTIISTPNLPLTAADLYDLADKLENTLNCPVEFSRDVNLQLSWDVVENRLTQQLVLAAYLGTGMGFAVWMNGAPWTGAHGVAGELGHIPLGDMTQHCACGNPGCLETNCSGMALRRWYEQQPRNYPLRDLFVHAENAPFVQSLLENAARAIATSINLFDPDAVILGGGVMDMPAFPRETLVAMTQKYLRRPLPHQVVRFIAASSSDFNGAQGAAILAHQRFLPQFCAKAP,-0.698970004
96,6.2.1.12,mutant,Arabidopsis thaliana,4-Coumarate,0.047,7.8,30,mM,C1=CC(=CC=C1C=CC(=O)O)O,MTTQDVIVNDQNDQKQCSNDVIFRSRLPDIYIPNHLPLHDYIFENISEFAAKPCLINGPTGEVYTYADVHVTSRKLAAGLHNLGVKQHDVVMILLPNSPEVVLTFLAASFIGAITTSANPFFTPAEISKQAKASAAKLIVTQSRYVDKIKNLQNDGVLIVTTDSDAIPENCLRFSELTQSEEPRVDSIPEKISPEDVVALPFSSGTTGLPKGVMLTHKGLVTSVAQQVDGENPNLYFNRDDVILCVLPMFHIYALNSIMLCSLRVGATILIMPKFEITLLLEQIQRCKVTVAPVVPPIVLAIAKSPETEKYDLSSVRMVLSGAAPLGKELEDAISAKFPNAKLGQGYGMTEAGPVLAMSLGFAKEPFPVKSGACGTVVRNAEMKILDPDTGDSLPRNKPGEICIRGNQIMKGYLNDPLATASTIDKDGWLHTGDVGFIDDDDELFIVDRLKELIKYKGFQVAPAELESLLIGHPEINDVAVVAMKEEDAGEVPVAFVVRSKDSNISEDEIKQFVSKQVVFYKRINKVFFTDSIPKAPSGKILRKDLRARLANGLMN,-1.327902142
97,1.10.3.2,mutant,Bacillus subtilis,Sinapate,0.188,7.0,40,mM,COC1=CC(=CC(=C1O)OC)C=CC(=O)O,MTLEKFVDALPIPDTLKPVQQSKEKTYYEVTMEECTHQLHRDLPPTRLWGYNGLFPGPTIEVKRNENVYVKWMNNLPSTHFLPIDHTIHHSDSQHEEPEVKTVVHLHGGVTPDDSDGYPEAWFSKDFEQTGPYFKREVYHYPNQQRGAILWYHDHAMALTRLNVYAGLVGAYIIHDPKEKRLKLPSDEYDVPLLITDRTINEDGSLFYPSAPENPSPSLPNPSIVPAFCGETILVNGKVWPYLEVEPRKYRFRVINASNTRTYNLSLDNGGDFIQIGSDGGLLPRSVKLNSFSLAPAERYDIIIDFTAYEGESIILANSAGCGGDVNPETDANIMQFRVTKPLAQKDESRKPKYLASYPSVQHERIQNIRTLKLAGTQDEYGRPVLLLNNKRWHDPVTETPKVGTTEIWSIINPARGTHPIHLHLVSFRVLDRRPFDIARYQESGELSYTGPAVPPPPSEKGWKDTIQAHAGEVLRIAATFGPYSGRYVWHCHILEHEDYDMMRPMDITDPHK,-0.725842151
98,1.1.99.31,mutant,Pseudomonas putida,2-Hydroxybutyrate,13.2,7.5,20,mM,CCC(C(=O)O)O,MSQNLFNVEDYRKLRQKRLPKMVYDYLEGGAEDEYGVKHNRDVFQQWRFKPKRLVDVSRRSLQAEVLGKRQSMPLLIGPTGLNGALWPKGDLALARAATKAGIPFVLSTASNMSIEDLARQCDGDLWFQLYVIHREIAQGMVLKALHTGYTTLVLTTDVAVNGYRERDLHNRFKIPMSYSAKVVLDGCLHPRWSLDFVRHGMPQLANFVSSQTSSLEMQAALMSRQMDASFNWEALRWLRDLWPHKLLVKGLLSAEDADRCIAEGADGVILSNGGGRQLDCAISPMEVLAQSVAKTGKPVLIDSGFRRGSDIVKALALGAEAVLLGRATLYGLAARGETGVDEVLTLLKADIDRTLAQIGCPDITSLSPDYLQNEGVTNTAPVDHLIGKGTHA,1.120573931
99,4.1.1.2,mutant,Bacillus subtilis,Oxalate,4.0,4.2,21,mM,C(=O)(C(=O)[O-])[O-],MKKQNDIPQPIRGDKGATVKIPRNIERDRQNPDMLVPPETDHGTVSNMKFSFSDTHNRLEKGGYAREVTVRELPISENLASVNMRLKPGAIRELHWHKEAQWAYMIYGSARVTIVDEKGRSFIDDVGEGDLWYFPSGLPHSIQALEEGAEFLLVFDDGSFSENSTFQLTDWLAHTPKEVIAANFGVTKEEISNLPGKEKYIFENQLPGSLKDDIVEGPNGEVPYPFTYRLLEQEPIESEGGKVYIADSTNFKVSKTIASALVTVEPGAMRELHWHPNTHEWQYYISGKARMTVFASDGHARTFNYQAGDVGYVPFAMGHYVENIGDEPLVFLEIFKDDHYADVSLNQWLAMLPETFVQAHLDLGKDFTDVLSKEKHPVVKKKCSK,0.602059991
100,3.5.2.6,mutant,Bacteroides fragilis,Imipenem,0.0032,7.2,25,mM,CC(C1C2CC(=C(N2C1=O)C(=O)O)SCCN=CN)O,MKTVFILISMLFPVAVMAQKSVKISDDISITQLSDKVYTYVSLAEIEGWGMVPSNGMIVINNHQAALLDTPINDAQTEMLVNWVTDSLHAKVTTFIPNHWHGDCIGGLGYLQRKGVQSYANQMTIDLAKEKGLPVPEHGFTDSLTVSLDGMPLQVYYLGGGHATDNIVVWLPTENILFGGCMLKDNQATSIGNISDADVTAWPKTLDKVKAKFPSARYVVPGHGDYGGTELIEHTKQIVNQYIESTSKP,-2.494850022
101,1.4.3.1,mutant,Vanrija humicola,D-Asp,1.0,7.0,20,mM,C(C(C(=O)O)N)C(=O)O,MPPSDPIIVLGAGVIGLTTAVRLLEAHLGANVHILADHWPSDALDAQYASTIAGAHHLSFADDGDARQRRWDMRTFDVLYDEWKAVGERTGLMALTQTEMWEGATSHLAVYEGNPDFRVLDPRTAPCSNITHMVSFTSLTIAPTVYLAALEARVRDLGAKLHRAHVPSLGALRTDPALLALYTRPPAAVFVCAGLGARHLVPAPEAAALFPTRGQVVVVRAPWMRAGFTRQVGSLGGGEGGTDTYIIPRCNGEVVLGGTMEQGDWTPYPRDETVTDILTRALQICPDIAPPYARSWPKDDQVAALRSIVVRDAVGFRPSRAGGARVALASAAGMRVVYNYGHGGAGWQSCWGCAEDAVALWAGGAGGARL,0.0
102,4.2.3.108,mutant,Salvia fruticosa,geranyl diphosphate,0.0119,7.0,22,mM,CC(=CCCC(=CCOP(=O)(O)OP(=O)(O)O)C)C,MSSLIMQVVIPKPAKFFHNNLFSLSSKRHRFSTTTTTRGGRWARCSLQTGNEIQTERRTGGYQPTLWDFSTIQSFDSEYKEEKHLMRAAGMIDQVKMMLQEEVDSIRRLELIDDLRRLGISCHFEREIVEILNSKYYTNNEIDERDLYSTALRFRLLRQYDFSVSQEVFDCFKNAKGTDFKPSLVDDTRGLLQLYEASFLSAQGEETLRLARDFATKFLQKRVLVDKDINLLSSIERALELPTHWRVQMPNARSFIDAYKRRPDMNPTVLELAKLDFNMVQAQFQQELKEASRWWNSTGLVHELPFVRDRIVECYYWTTGVVERRQHGYERIMLTKIAALVTTIDDVFDIYGTLEELQLFTTAIQRWDIESMKQLPPYMQICYLALFNFVNEMAYDTLRDKGFDSTPYLRKVWVGLIESYLIEAKWYYKGHKPSLEEYMKNSWISIGGIPILSHLFFRLTDSIEEEAAESMHKYHDIVRASCTILRLADDMGTSLDEVERGDVPKSVQCYMNEKNASEEEAREHVRSLIDQTWKMMNKEMMTSSFSKYFVEVSANLARMAQWIYQHESDGFGMQHSLVNKMLRDLLFHRYE,-1.924453039
103,5.3.1.1,mutant,Gallus gallus,D-Glyceraldehyde 3-phosphate,0.17,7.6,30,mM,C(C(C=O)O)OP(=O)(O)O,MAPRKFFVGGNWKMNGDKKSLGELIHTLNGAKLSADTEVVCGAPSIYLDFARQKLDAKIGVAAQNCYKVPKGAFTGEISPAMIKDIGAAWVILGHSERRHVFGESDELIGQKVAHALAEGLGVIACIGEKLDEREAGITEKVVFEQTKAIADNVKDWSKVVLAYDPDWAIGTGKTATPQQAQEVHEKLRGWLKSHVSDAVAQSTRIIYGGSVTGGNCKELASQHDVDGFLVGGASLKPEFVDIINAKH,-0.769551079
104,2.7.1.157,mutant,Homo sapiens,N-acetyl-alpha-D-glucosamine,0.28,7.5,37,mM,CC(=O)NC1C(C(C(OC1O)CO)O)O,MATESPATRRVQVAEHPRLLKLKEMFNSKFGSIPKFYVRAPGRVNIIGEHIDYCGYSVLPMAVEQDVLIAVEPVKTYALQLANTNPLYPDFSTSANNIQIDKTKPLWHNYFLCGLKGIQEHFGLSNLTGMNCLVDGNIPPSSGLSSSSALVCCAGLVTLTVLGRNLSKVELAEICAKSERYIGTEGGGMDQSISFLAEEGTAKLIEFSPLRATDVKLPSGAVFVIANSCVEMNKAATSHFNIRVMECRLAAKLLAKYKSLQWDKVLRLEEVQAKLGISLEEMLLVTEDALHPEPYNPEEICRCLGISLEELRTQILSPNTQDVLIFKLYQRAKHVYSEAARVLQFKKICEEAPENMVQLLGELMNQSHMSCRDMYECSCPELDQLVDICRKFGAQGSRLTGAGWGGCTVSMVPADKLPSFLANVHKAYYQRSDGSLAPEKQSLRATKPGGGALVLLEA,-0.552841969
105,5.4.2.6,mutant,Lactococcus lactis subsp. lactis,"beta-D-Glucose 1,6-bisphosphate",0.00149,7.0,25,mM,C(C1C(C(C(C(O1)OP(=O)(O)O)O)O)O)OP(=O)(O)O,MFKAVLFDLDGVITDTAEYNFRAWKALAEEIGINGVDRQFNEQLKGVSREDSLQKILDLADKKVSAEEFKELAKRKNDNYVKMIQDVSPADVYPGILQLLKDLRSNKIKIALASASKNGPFLLEKMNLTGYFDAIADPAEVAASKPAPDIFIAAAHAVGVAPSESIGLEDSQAGIQAIKDSGALPIGVGRPEDLGDDIVIVPDTSYYTLEFLKEVWLQKQK,-2.826813732
106,1.1.3.10,mutant,Phlebiopsis gigantea,D-glucose,0.4,7.3,22,mM,C(C1C(C(C(C(O1)O)O)O)O)O,MSASSSDPFHSFAKTSFTSKAAKRATAHSLPPLPGPGDLPPGMNVEYDVAIVGSGPIGSTYARELVEAGFNVAMFEIGEIDSGLKIGSHKKNTVEYQKNIDKFVNVIQGQLMPVSVPVNTMVVDTLSPASWQASTFFVRNGANPEQDPLRNLSGQAVTRVVGGMSTHWTCATPRFEKLQRPLLVKNDPVADDAEWDRLYKKAESYFKTGTTQFAESIRHNLVLKKLQEEYKGVRDFQQIPLAATRQSPTFVEWSSAHTVFDLENRPNKDAPKQRFNLFPAVACTSVRRNDANSEIIGLDVRDLHGGKSITIEAKVYILTAGAVHNAQLLAASGFGQLGRPDPAKPLPSLLPYLGTHITEQTLVFCQTVMSTELINSVTADMTIVGKPGDPDYSVTYTSGSPNNKHPDWWNEKVKKHMMDHQEDPLPIPFEDPEPQVTTLFKASHPWHTQIHRDAFSYGAVQQSIDSRLIVDWRFFGRTEPKEENKLWFSDKITDAYNLPQPTFDFRFPGGREAEDMMTDMCVMSAKIGGFLPGSYPQFMEPGLVLHLGGTHRMGFDEKADKCCVDTDSRVFGFKNLFLGGCGNIPTAYAANPTLTAMSLAIKSCEYIKKNFEPSPNPVKHHN,-0.397940009
107,2.5.1.18,mutant,Drosophila melanogaster,"1-Chloro-2,4-dinitrobenzene",1.51,6.5,25,mM,C1=CC(=C(C=C1[N+](=O)[O-])[N+](=O)[O-])Cl,MSNTQHLTIGSPKPVFPDDGILKLYSMRFCPYAHRVHLVLDAKKIPYHAIYINLRDKPEWFSLVSSSTKVPALELVKEQGNPVLIESLIICDYLDEKYPEVPLYPKDLLKKAQEKILIERFGQFINAFYYLLLHDNPEQLVDTDHYAGLVVYEEELKRRGTKFFGGDSPGMLDYMMWPWCERFDSLKYTFEQKFELSPERFPTLIKWRDLMIQDRAVKCFYLDGQTHAKYMNSRRSGQADYNMLYNEAKRVKLG,0.178976947
108,2.7.1.60,mutant,Escherichia coli,ATP,0.11,7.6,25,mM,C1=NC(=C2C(=N1)N(C=N2)C3C(C(C(O3)COP(=O)(O)OP(=O)(O)OP(=O)(O)O)O)O)N,MTTLAIDIGGTKLAAALIGADGQIRDRRELPTPASQTPEALRDALSALVSPLQAHAQRVAIASTGIIRDGSLLALNPHNLGGLLHFPLVKTLEQLTNLPTIAINDAQAAAWAEFQALDGDITDMVFITVSTGVGGGVMSGCKLLTGPGGLAGHIGHTLADPHGPVCGCGRTGCVEAIASGRGIAAAAQGELAGADAKTIFTRAGQGDEQAQQLIHRSARTLARLIADIKATTDCQCVVVGGSVGLAEGYLALVETYLAQEPAAFHVDLLAAHYRHDAGLLGAALLAQGEKL,-0.958607315
109,5.4.99.9,mutant,Trypanosoma cruzi,UDP-alpha-D-galactopyranose,0.0334,7.5,37,mM,C1=CN(C(=O)NC1=O)C2C(C(C(O2)COP(=O)(O)OP(=O)(O)OC3C(C(C(C(O3)CO)O)O)O)O)O,MAELLTPKIVIIGAGPTGLGAAVRLTELGYKNWHLYECNDTPGGLSRSFLDENGFTWDLGGHVIFSHYQYFDDVMDWAVQGWNVLQRESWVWVRGRWVPYPFQNNIHRLPEQDRKRCLDELVRSHARKYAEPPNNFEESFTRQFGEGIADIFMRPYNFKVWALPPCLMSTEWVGERVAPVDLERIRQNIQENRDDLGWGPNATFRFPQRGGTGIIYHAIKAKLPSEKLTFNSGFQAIAIDADAKTITFSNGEVVSYDYLISTVPFDDLLRMTKGTGFKGYDEWPAIADKMVYSSTNVIGIGVKGTPPPHLKTACWLFFPEDTSPFYRATVFSNYSKYNAPEGHWSLMLEVSESKYKPVNHSALIEDCIVGCLASNLLRPKDLLVSKWHYRIEKGYPTPFIGRNNLLEKAQPELMSRCIYSRGRFGAWRYEVGNQDHSFMQGVEAIDHVLGLATEETTVANPGRVNGTRATTRFGLLQKDM,-1.476253533
110,2.5.1.31,mutant,Micrococcus luteus,farnesyl diphosphate,0.0015,7.5,30,mM,CC(=CCCC(=CCCC(=CCOP(=O)(O)OP(=O)(O)O)C)C)C,MFPIKKRKAIKNNNINAAQIPKHIAIIMDGNGRWAKQKKMPRIKGHYEGMQTVKKITRYASDLGVKYLTLYAFSTENWSRPKDEVNYLMKLPGDFLNTFLPELIEKNVKVETIGFIDDLPDHTKKAVLEAKEKTKHNTGLTLVFALNYGGRKEIISAVQLIAERYKSGEISLDEISETHFNEYLFTANMPDPELLIRTSGEERLSNFLIAQCSYSEFVFIDEFWPDFNEESLAQCISIYQNRHRRFGGL,-2.823908741
111,4.1.2.49,mutant,Aeromonas jandaei,L-beta-Phenylserine,1.0,8.0,25,mM,C1=CC=C(C=C1)C(C(C(=O)O)N)O,MRYIDLRSDTVTQPTDAMRQCMLHAEVGDDVYGEDPGVNALEAYGADLLGKEAALFVPSGTMSELLAVMSHCQRGEGAVLGSAAHIYRYEAQGSAVLGSVALQPVPMQADGSLALADVRAAIAPDDVHFTPTRLVCLENTHNGKVLPLPYLREMRELVDEHGLQLHLDGARLFNAVVASGHTVRELVAPFDSVSICLSKGLGAPVGSLLVGSHAFIARARRLRKMVGGGMRQAGILAQAGLFALQQHVVRLADDHRRARQLAEGLAALPGIRLDLAQVQTNMVFLQLTSGESAPLLAFMKARGILFSGYGELRLVTHLQIHDDDIEEVIDAFTEYLGA,0.0
112,2.7.1.1,mutant,Entamoeba histolytica,D-Glucose,0.12,8.0,30,mM,C(C1C(C(C(C(O1)O)O)O)O)O,MQEIIDQFAIDKEKMEIIVSKLLEEMENGLQDKPSTLQMLPTYAPIPTGKEVGTFMGIDVGGTNLRVLLLEIPEPGVRGELKSVECIMPKTSTTVDQFFGFIAQKIKEFVENNNLKEKEIKAGLTFSFAVEQIAIDKGIQQSWTKGWDVKESIGKDIVEIFHNQLAKINVNNIRIVAFINDTVGTFANLAYDDASCGMGLIFGTGTNGCYIEKTSNFAASKLKSVYKEDYMIVNTEWGGLQFPELGLNRFDDMINDVSVNKDQQTFEKMISGIYMGWLARLAIRELIEKKVIFERYADAEVFSNSPDDTQFNDKKKYSSRHTEIVEDTSPELSRVDTILKSLGVNDSTLEERKILKAITEAVVKRAAYLSAAATVALYRKMVPYMKERTTAGIDGTVYEKSVPFKRFYLEAIRLLQPKENFTCQLSKDGSGLGAVIVAAAVACKH,-0.920818754
113,1.1.1.41,mutant,Bifidobacterium longum,NAD+,0.13,8.0,25,mM,C1=CC(=C[N+](=C1)C2C(C(C(O2)COP(=O)([O-])OP(=O)(O)OCC3C(C(C(O3)N4C=NC5=C(N=CN=C54)N)O)O)O)O)C(=O)N,MAKIKVEGTVVELDGDEMTRVIWKDIKDRLILPYLDVNLDYYDLGIEHRDETDDQVTIDAAHAIQKHHVGVKCATITPDEARVKEFGLKKMWKSPNGTIRNILGGTIFREPIVMSNVPRLVPGWTKPIVVARHAFGDQYKATDFKVPGAGQLTVTFTPDDGSEPIQHVVYNYGEDGGVAQVQYNVNDSIRGFARACFNYGLMRHYPVYLSTKNTILKAYDGQFKDIFAEVFETEYKDRYAEAGLTYEHRLIDAMVAKSLQWHGGYIWACKNYDGDVQSDSVAQGFGSLGLMTSVLMTPDGQTVEAEAAHGTVTDIYRRWQKGEKTSANPIASIFAWTGGLKHRADLDGTPEVRHFAKTLEKVIVDTVEGGQMTKDLAMLIGPDEPWLDTDGFMNALDENLAKALAE,-0.886056648
114,4.2.2.7,mutant,Pedobacter heparinus,Heparin,0.0042,7.0,30,mM,CC(=O)NC1C(C(C(OC1O)COS(=O)(=O)O)OC2C(C(C(C(O2)C(=O)O)OC3C(C(C(C(O3)CO)OC4C(C(C(C(O4)C(=O)O)O)O)OS(=O)(=O)O)OS(=O)(=O)O)NS(=O)(=O)O)O)OS(=O)(=O)O)O,MKKQILYLIVLQQLFLCSAYAQQKKSGNIPYRVNVQADSAKQKAIIDNKWVAVGINKPYALQYDDKLRFNGKPSYRFELKAEDNSLEGYAAGETKGRTELSYSYATTNDFKKFPPSVYQNAQKLKTVYHYGKGICEQGSSRSYTFSVYIPSSFPDNATTIFAQWHGAPSRTLVATPEGEIKTLSIEEFLALYDRMIFDKNIAHDKVEKKDKDGKITYVAGKPNGWKVEQGGYPTLAFGFSKGYFYIKANSDRQWLTDKADRNNANPENSEVMKPYSSEYKTSTIAYKMPFAQFPKDCWITFDVAIDWTKYGKEANTILKPGKLDVMMTYTKNKKPQKAHIVNQQEILIGRNDDDGYYFKFGIYRVGNSTVPVTYNLSGYSETAR,-2.37675071
115,2.5.1.18,mutant,Drosophila melanogaster,Reduced glutathione,1.43,6.5,25,mM,C(CC(=O)NC(CS)C(=O)NCC(=O)O)C(C(=O)O)N,MSSSGIVLYGTDLSPCVRTVKLTLNVLNLDYEYKEVNLQAGEHLSEEYVKKNPQHTVPMLDDNGTFIWDSHAIAAYLVDKYAKSDELYPKDLAKRAIVNQRLFFDASVIYASIANVCRPFWINGVTEVPQEKLDAVHQGLKLLEAFLGNSPYLAGDSLTLADLSTGPTVSAVPAAVDIDPATYPKVTAWLDRLNKLPYYKEINEAPAQSYVAFLRSKWTKLGDK,0.155336037
116,3.2.1.21,mutant,Spodoptera frugiperda,4-nitrophenyl beta-D-fucoside,0.38,6.0,30,mM,CC1C(C(C(C(O1)OC2=CC=C(C=C2)[N+](=O)[O-])O)O)O,MKLLVVLSLVAVACNASIVRQQRRFPDDFLFGTATASYQIEGAWDEDGKGENIWDYMVHNTPEVIRDLSNGDIAADSYHNYKRDVEMMRELGLDAYRFSLSWARILPTGMANEVNPAGIAFYNNYIDEMLKYNITPLITLYHWDLPQKLQELGGFANPLISDWFEDYARVVFENFGDRVKMFITFNEPREICFAGYGSATKAPILNATAMGAYLCAKNLVTAHAKAYYLYDREFRPVQGGQCGITISVNWFGPATPTPEDEMAAELRRQGEWGIYAHPIFSAEGGFPKELSDKIAEKSAQQGYPWSRLPEFTEEEKAFVRGTSDLIGVNHYTAFLVSATERKGPYPVPSLLDDVDTGSWADDSWLKSASAWLTLAPNSIHTALTHLNNLYNKPVFYITENGWSTDESRENSLIDDDRIQYYRASMESLLNCLDDGINLKGYMAWSLMDNFEWMEGYIERFGLYEVDFSDPARTRTPRKAAFVYKHIIKHRVVDYEYEPETMVMTIDEGH,-0.420216403
117,1.1.99.31,mutant,Pseudomonas putida,(S)-3-phenyllactate,0.074,7.5,20,mM,C1=CC=C(C=C1)CC(C(=O)[O-])O,MSQNLFNVEDYRKLRQKRLPKMVYDYLEGGAEDEYGVKHNRDVFQQWRFKPKRLVDVSRRSLQAEVLGKRQSMPLLIGPTGLNGALWPKGDLALARAATKAGIPFVLSTASNMSIEDLARQCDGDLWFQLYVIHREIAQGMVLKALHTGYTTLVLTTDVAVNGYRERDLHNRFKIPMSYSAKVVLDGCLHPRWSLDFVRHGMPQLANFVSSQTSSLEMQAALMSRQMDASFNWEALRWLRDLWPHKLLVKGLLSAEDADRCIAEGADGVILSNHGGGQLDCAISPMEVLAQSVAKTGKPVLIDSGFRRGSDIVKALALGAEAVLLGRATLYGLAARGETGVDEVLTLLKADIDRTLAQIGCPDITSLSPDYLQNEGVTNTAPVDHLIGKGTHA,-1.13076828
118,5.3.1.1,mutant,Gallus gallus,Glycerone phosphate,0.93,7.6,30,mM,C(C(=O)COP(=O)(O)O)O,MAPRKFFVGGNWKMNGDKKSLGELIHTLNGAKLSADTEVVCGAPSIYLDFARQKLDAKIGVAAQNCYKVPKGAFTGEISPAMIKDIGAAWVILGHSDRRHVFGESDELIGQKVAHALAEGLGVIACIGEKLDEREAGITEKVVFEQTKAIADNVKDWSKVVLAYDPVWAIGTGKTATPQQAQEVHEKLRGWLKSHVSDAVAQSTRIIYGGSVTGGNCKELASQHDVDGFLVGGASLKPEFVDIINAKH,-0.031517051
119,1.1.99.31,mutant,Pseudomonas putida,Indolelactate,0.17,7.5,20,mM,C1=CC=C2C(=C1)C(=CN2)CC(C(=O)O)O,MSQNLFNVEDYRKLRQKRLPKMVYDYLEGGAEDEYGVKHNRDVFQQWRFKPKRLVDVSRRSLQAEVLGKRQSMPLLIGPTALNGALWPKGDLALARAATKAGIPFVLSTASNMSIEDLARQCDGDLWFQLYVIHREIAQGMVLKALHTGYTTLVLTTDVAVNGYRERDLHNRFKIPMSYSAKVVLDGCLHPRWSLDFVRHGMPQLANFVSSQTSSLEMQAALMSRQMDASFNWEALRWLRDLWPHKLLVKGLLSAEDADRCIAEGADGVILSNHGGRQLDCAISPMEVLAQSVAKTGKPVLIDSGFRRGSDIVKALALGAEAVLLGRATLYGLAARGETGVDEVLTLLKADIDRTLAQIGCPDITSLSPDYLQNEGVTNTAPVDHLIGKGTHA,-0.769551079
120,2.5.1.29,mutant,Saccharomyces cerevisiae,"trans,trans-Farnesyl diphosphate",0.0004,7.5,25,mM,CC(=CCCC(=CCCC(=CCOP(=O)(O)OP(=O)(O)O)C)C)C,MEAKIDELINNDPVWSSQNESLISKPYNHILLKPGKNFRLNLIVQINRVMNLPKDQLAIVSQIVELLHNSSLLIDDIEDNAPLRRGQTTSHLIFGVPSTINTANYMAARAMQLVSQLTTKEPLYHNLITIFNEELINLARGQGLDIYWRDFLPEIIPTQEMYLNMVMNKTGGLFRLTLRLMEALSPSSHHGHSLVPFINLLGIIYQIRDDYLNLKDFQMSSEKGFAEDITEGKLSFPIVHALNFTKTKGQTEQHNEILRILLLRTSDKDIKLKLIQILEFDTNSLAYTKNFINQLVNMIKNDNENKYLPDLASHSDTATNLHDELLYIIDHLSEL,-3.397940009
121,1.1.1.34,mutant,Mesocricetus auratus,3-Hydroxy-3-methylglutaryl-CoA,9.0,6.5,37,mM,CC(C)(COP(=O)(O)OP(=O)(O)OCC1C(C(C(O1)N2C=NC3=C(N=CN=C32)N)O)OP(=O)(O)O)C(C(=O)NCCC(=O)NCCSC(=O)CC(C)(CC(=O)O)O)O,MLSRLFRMHGLFVASHPWEVIVGTVTLTICMMSMNMFTGNNKICGWNYECPKFEEDVLSSDIIILTITRCIAILYIYFQFQNLRQLGSKYILGIAGLFTIFSSFVFSTVVIHFLDKELTGLNEALPFFLLLIDLSRASALAKFALSSNSQDEVRENIARGMAILGPTFTLDALVECLVIGVGTMSGVRQLEIMCCFGCMSVLANYFVFMTFFPACVSLVLELSRESREGRPIWQLSHFARVLEEEENKPNPVTQRVKMIMSLGLVLVHAHSRWIADPSPQNSTTEHSKVSLGLDEDVSKRIEPSVSLWQFYLSKMISMDIEQVVTLSLAFLLAVKYIFFEQAETESTLSLKNPITSPVATPKKAPDNCCRREPVLSRRNEKLSSVEEEPGVNQDRKVEVIKPLVAETESTSRATFVLGASGGCSPVALGTQEPEIELPSEPRPNEECLQILESAEKGAKFLSDAEIIQLVNAKHIPAYKLETLMETHERGVSIRRQLLSTKLPEPSSLQYLPYRDYNYSLVMGACCENVIGYMPIPVGVAGPLCLDGKEYQVPMATTEGCLVASTNRGCRAIGLGGGASSRVLADGMTRGPVVRLPRACDSAEVKAWLETPEGFAVIKDAFDSTSRFARLQKLHVTMAGRNLYIRFQSKTGDAMGMNMISKGTEKALVKLQEFFPEMQILAVSGNYCTDKKPAAVNWIEGRGKTVVCEAVIPARVVREVLKTTTEAMIDVNINKNLVGSAMAGSIGGYNAHAANIVTAIYIACGQDAAQNVGSSNCITLMEASGPTNEDLYISCTMPSIEIGTVGGGTNLLPQQACLQMLGVQGACKDNPGENARQLARIVCGTVMAGELSLMAALAAGHLVRSHMVHNRNKINLQDLQGTCTKKAA,0.954242509
122,3.1.8.1,mutant,Brevundimonas diminuta,Paraoxon,0.009,9.0,25,mM,CCOP(=O)(OCC)OC1=CC=C(C=C1)[N+](=O)[O-],MQTRRVVLKSAAAAGTLLGGLAGCASVAGSIGTGDRINTVRGPITISEAGFTLTHEHICGSSAGFLRAWPEFFGSRKALAEKAVRGLRRARAAGVRTIVDVSTFDIGRDVSLLAEVSRAADVHIVAATGLWFDPPLSMRLRSVEELTQFFLREIQYGIEDTGIRAGIIKVATTGKATPFQELVLKAAARASLATGVPVTTNTAASQRDGEQQAAIFESEGLSPSRVCIGHSDDTDDLSYLTALAARGYLIGLDHIPHSAIGLEDNASASALLGIRSWQTRALLIKALIDQGYMKQILVSNDWLFGFSSYVTNIMDVMDRVNPDGMAFIPLRVIPFLREKGVPQETLAGITVTNPARFLSPTLRAS,-2.045757491
123,1.4.3.3,mutant,Sus scrofa,D-Methionine,1.97,8.5,25,mM,CSCCC(C(=O)O)N,MRVVVIGAGVIGLSTALCIHERYHSVLQPLDVKVYADRFTPFTTTDVAAGLWQPYTSEPSNPQEANWNQQTFNYLLSHIGSPNAANMGLTPVSGYNLFREAVPDPYWKDMVLGFRKLTPRELDMFPDYRYGWFNTSLILEGRKYLQWLTERLTERGVKFFLRKVESFEEVARGGADVIINCTGVWAGVLQPDPLLQPGRGQIIKVDAPWLKNFIITHDLERGIFNSPYIIPGLQAVTLGGTFQVGNWNEINNIQDHNTIWEGCCRLEPTLKDAKIVGEYTGFRPVRPQVRLEREQLRFGSSNTEVIHNYGHGGYGLTIHWGCALEVAKLFGKVLEERNLLTMPPSHL,0.294466226
124,1.4.1.20,mutant,Lysinibacillus sphaericus,Phenylpyruvate,0.0095,8.6,25,mM,C1=CC=C(C=C1)CC(=O)C(=O)O,MAKQLEKSSKIGNEDVFQKIANHEQIVFCNDPVSGLQAIIAIHDTTLGPALGGTRMYPYKNVDEALEDVLRLSEGMTYKCAAADIDFGGGKAVIIGDPEKDKSPALFRAFGQFVESLNGRFYTGTDMGTTMDDFVHAQKETNFILGIPEQYGGSGDSSIPTAQGVIYALKATNQYLFGSDSLSGKTYAIQGLGKVGYKVAEQLLKAGADLFVTDIHENVLNSIKQKSEELGGSVTIVKSDDIYSVQADIFVPCAMGGIINDKTIPKLKVKAVVGSANNQLKDLRHANVLNEKGILYAPDYIVNAGGLIQVADELYGPNKERVLLKTKEIYRSLLEIFNQAALDCITTVEAANRKCQKTIEGQQTRNSFFSRGRRPKWNIKE,-2.022276395
125,1.1.1.38,mutant,Homo sapiens,NAD+,0.03,7.4,30,mM,C1=CC(=C[N+](=C1)C2C(C(C(O2)COP(=O)([O-])OP(=O)(O)OCC3C(C(C(O3)N4C=NC5=C(N=CN=C54)N)O)O)O)O)C(=O)N,MLSRLRVVSTTCTLACRHLHIKEKGKPLMLNPRTNKGMAFTLQERQMLGLQGLLPPKIETQDIQALRFHRNLKKMTSPLEKYIYIMGIQERNEKLFYRILQDDIESLMPIVYTPTVGLACSQYGHIFRRPKGLFISISDRGHVRSIVDNWPENHVKAVVVTDGERILGLGDLGVYGMGIPVGKLCLYTACAGIRPDRCLPVCIDVGTDNIALLKDPFYMGLYQKRDRTQQYDDLIDEFMKAITDRYGRNTLIQFEDFGNHNAFRFLRKYREKYCTFNDDIQGTAAVALAGLLAAQKVISKPISEHKILFLGAGAAALGIANLIVMSMVENGLSEQEAQKKIWMFDKYGLLVKGRKAKIDSYQEPFTHSAPESIPDTFEDAVNILKPSTIIGVAGAGRLFTPDVIRAMASINERPVIFALSNPTAQAECTAEEAYTLTEGRCLFASGSPFGPVKLTDGRVFTPGQGNNVYIFPGVALAVILCNTRHISDSVFLEAAKALTSQLTDEELAQGRLYPPLANIQEVSINIAIKVTEYLYANKMAFRYPEPEDKAKYVKERTWRSEYDSLLPDVYEWPESASSPPVITE,-1.522878745
126,1.4.3.4,mutant,Rattus norvegicus,Tryptamine,0.069,7.4,37,mM,C1=CC=C2C(=C1)C(=CN2)CCN,MSNKCDVIVVGGGISGMAAAKLLHDCGLSVVVLEARDRVGGRTYTIRNKNVKYVDLGGSYVGPTQNRILRLAKELGLETYKVNEVERLIHFVKGKSYAFRGPFPPVWNPITYLDYNNLWRTMDEMGQEIPSDAPWKAPLAEEWDYMTMKELLDKICWTNSTKQIATLFVNLCVTAETHEVSALWFLWYVKQCGGTTRIFSTTNGGQERKFIGGSGQVSERIKDILGDRVKLERPVIHIDQTGENVVVKTLNHEIYEAKYVISAIPPVLGMKIHHSPPLPILRNQLITRVPLGSVIKCMVYYKEPFWRKKDFCGTMVIEGEEAPIAYTLDDTKPDGSCAAIMGFILAHKARKLVRLTKEERLRKLCELYAKVLNSQEALQPVHYEEKNWCEEQYSGGCYTAYFPPGILTQYGRVLRQPVGKIFFAGTETASHWSGYMEGAVEAGERAAREILHAIGKIPEDEIWQPEPESVDVPARPITNTFLERHLPSVPGLLKLLGLTTILSATALGFLAHKKGLFVRF,-1.161150909
127,1.3.98.1,mutant,Lactococcus lactis subsp. lactis,Fumarate,0.07,8.0,25,mM,C(=CC(=O)[O-])C(=O)[O-],MLKTTFANAEFANPFMNASGVHCMTTEDLEELKASQAGAYITKSSTLEKREGNPLARYVDLELGSINSMGLPNLGFDYYLDYVLKNQKEKAQEAPIFFSIAGMSAAENIAMLKKIQESNFSGITELNLSCPNVPGKPQLAYDFEATEKLLKEVFTFFTKPLGVKLPPYFDLVHFDIMAEILNQFPLTYVNSVNSIGNGLFIDSEAESVVIKPKDGFGGIGGAYIKPTALANVRAFYTRLKPEIKIIGTGGIETGQDAFEHLLCGATMLQIGTALHKEGPAIFDRIIKELEEIMDKKGYQSIADFHGKLKSL,-1.15490196
128,4.1.1.2,mutant,Bacillus subtilis,Oxalate,1.0,4.0,26,mM,C(=O)(C(=O)[O-])[O-],MKKQNDIPQPIRGDKGATVKIPRNIERDRQNPDMLVPPETDHGTVSNMKFSFSDTHNRLEKGGYAREVTVRELPISENLASVNMRLKPGAIRELHWHKEAEWAYMIYGSARVTIVDEKGRSFIDDVGEGDLWYFPSGLPHSIQALEEGAEFLLVFDDGSFSENSTFQLTDWLAHTPKEVIAANFGVTKEEISNLPGKEKYIFENQLPGSLKDDIVEGPNGEVPYPFTYRLLEQEPIESEGGKVYIADSTNFKVSKTIASALVTVEPGAMKELHWHPNTHEWQYYISGKARMTVFASDGHARTFNYQAGDVGYVPFAMGHYVENIGDEPLVFLEIFKDDHYADVSLNQWLAMLPETFVQAHLDLGKDFTDVLSKEKHPVVKKKCSK,0.0
129,1.1.3.38,mutant,Penicillium simplicissimum,2-methyl-p-cresol,0.006,7.5,25,mM,CC1=CC(=C(C=C1)O)C,MSKTQEFRPLTLPPKLSLSDFNEFIQDIIRIVGSENVEVISSKDQIVDGSYMKPTHTHDPHHVMDQDYFLASAIVAPRNVADVQSIVGLANKFSFPLWPISIGRNSGYGGAAPRVSGSVVLDMGKNMNRVLEVNVEGAYCVVEPGVTYHDLHNYLEANNLRDKLWLDVPDLGGGSVLGNAVERGVGYTPYGDHWMMHSGMEVVLANGELLRTGMGALPDPKRPETMGLKPEDQPWSKIAHLFPYGFGPYIDGLFSQSNMGIVTKIGIWLMPNPRGYQSYLITLPKDGDLKQAVDIIRPLRLGMALQNVPTIRHILLDAAVLGDKRSYSSRTEPLSDEELDKIAKQLNLGRWNFYGALYGPEPIRRVLWETIKDAFSAIPGVKFYFPEDTPENSVLRVRDKTMQGIPTYDELKWIDWLPNGAHLFFSPIAKVSGEDAMMQYAVTKKRCQEAGLDYIGTFTVGMREMHHIVCIVFNKKDLIQKRKVQWLMRTLIDDCAANGWGEYRTHLAFMDQIMETYNWNNSSFLRFNEVLKNAVDPNGIIAPGKSGVWPSQYSHVTWKL,-2.22184875
